Keyword,Amount
 Chisinau,1
Leipzig-Connewitz,1
Leipzig,1
Leichte Sprache,1
Leichtathletik,1
Lebensschützer,1
Lebensmittelkennzeichnung,1
Vermögen,1
Lebenserwartung,1
Leben,1
Lauschangriff,1
Lateinamerika,1
Leistungsdruck,1
Lars Eidinger,1
Langeweile,1
Vermögenssteuer,1
Landshut,1
Landleben,1
Landgericht Frankfurt,1
Land,1
Labour Party,1
Labor,1
LSR,1
LGBTQ,1
LGBTI,1
Laptop,1
Leistungsschutzrecht,1
Leistungssport,1
Les Républicains,1
Louvre,1
Los Angeles,1
Loriot,1
Lorenz Caffier,1
Lokaljournalismus,1
Lohnlücke,1
Lohndumping,1
Logistik,1
Verfassungsänderung,1
Lobbyisten,1
Lobbyismus,1
Lithium,1
Literaturwissenschaft,1
Literarisches Quartett,1
Verkehrspolitik,1
Linksextremismus,1
Linke politische Strömungen,1
Linke Szene,1
Lingen,1
Lieferdienst,1
Verkehrsunfälle,1
Lidokino,1
Verlage,1
Liberale,1
Lesen,1
LGBT,1
Küstenwache,1
Künstlerin,1
Künste,1
Kreative,1
Krankenpflege,1
Krankenkassen,1
„Islamischer Staat“ (IS),1
Krankenhaus,1
Kraftwerk,1
Kopftuch,1
Konzerte,1
Konzerne,1
Konzentrationslager,1
Konversion,1
Kontrolle,1
Konsumkritik,1
Verteidigungsminister,1
Konstanz,1
Konjunkturprogramm,1
Konfessionelle Schulen,1
Konferenz,1
Kommunisten,1
Kommunen,1
Kolumne Finanzkasino,1
Kolumne Ethikrat,1
Verteidigungsministerium,1
Kohlestrom,1
Verteidigungspolitik,1
Kreislaufwirtschaft,1
Loveparade,1
Kreml,1
Kreuzfahrt,1
Körper in der Kunst,1
Köln,1
Kälte,1
Kurzgeschichte,1
Kunstszene,1
Kunstgeschichte,1
Kunstfreiheit,1
Kundus,1
Kultusministerium,1
Kulturwissenschaft,1
Verpackungen,1
Kulturkritik,1
Kulturgeschichte,1
Kulturförderung,1
Kultur in Berlin,1
Kultur im Netz,1
Kultur im Internet,1
Versandhandel,1
Kräutergarten,1
Kryptowährung,1
Krise der Demokratie,1
Kriminalität,1
Verschwörung,1
Kriegsgefangene,1
Krieg gegen den Terror,1
Versicherung,1
Kochshow,1
Lucien Favre,1
Luftfilter,1
Mord,1
Moral,1
Moor,1
Moon Jae In,1
Veganismus,1
Monika Grütters,1
Mond,1
Monaco,1
Mode-Ikone,1
Vegetarismus,1
Mobilfunknetz,1
Moskau,1
Mobilfunk,1
Mittelalter,1
Mitfahrgelegenheit,1
Misstrauen,1
Ministerin,1
Veranstaltungen,1
Minderheiten,1
Milo Rau,1
Milizen in Libyen,1
Militärausgaben,1
Militär,1
Miley Cyrus,1
Mittelmeer,1
Multikulti,1
Mumbai,1
Vattenfall,1
Nachwuchsförderung,1
Nachtzug,1
Uruguay,1
Urwald,1
NSU-Prozess,1
NSU-Opfer,1
NSU-Ausschuss,1
NSU 2.0,1
NS-Zeit,1
NS-Verbrechen,1
NS-Opfer,1
NS-Geschichte,1
NS,1
NPD,1
NGOs,1
Mütter,1
Müll trennen,1
Möbel,1
Männer,1
Mutter,1
Muslime in Deutschland,1
Muslime,1
Musikstreaming,1
Musikgeschäft Berlin,1
Musiker,1
Milchviehhaltung,1
Mike Pompeo,1
Mietwagen,1
Mieten Hamburg,1
Massage,1
Verein Deutsche Sprache,1
Marx,1
Marvel-Superhelden,1
Martin Sellner,1
Verfassungsgericht,1
Markenschutz,1
Mark Zuckerberg,1
Mark Fisher,1
Maria Schrader,1
Marco Wanderwitz,1
Maori,1
Manuela Schwesig,1
Manchester United,1
Malu Dreyer,1
Mainz,1
Maiduguri,1
Maha Vajiralongkorn,1
Magdeburg,1
MIlchpreis,1
MDR,1
Lügde,1
Luisa Neubauer,1
Luftwaffe,1
Lufthansa,1
Mathematik,1
Ludwig van Beethoven,1
Matriarchat,1
Mauerfall,1
Michigan,1
Michelle Obama,1
Michel Houellebecq,1
Michel Barnier,1
Michael Müller,1
Verbote,1
Mette Frederiksen,1
Meryl Streep,1
Mercosur,1
Verbraucher,1
Verbraucherrechte,1
Memoiren,1
Melbourne,1
Verbraucherzentrale,1
Meer,1
Verbrechen,1
Medikamente,1
Mediennutzung,1
Medienkritik,1
Medienkrise,1
Medienkonsum,1
Mediengesetz,1
Verdacht,1
Mecklenburg-Vorpommern,1
Mauertote,1
Matteo Salvini,1
Koalitionsverhandlungen,1
Koalitionskrise,1
Knesset,1
Humanitäre Hilfe,1
Human Rights Watch,1
Wassermangel,1
Houston,1
Honduras,1
Homosexualität und Fußball,1
Weihnachtsbaum,1
Weihnachtsgeschenke,1
Weihnachtsgeschichte,1
Weihnachtsmann,1
Hohenzollern,1
Humboldt Forum,1
Hoffnung,1
Hochwasser,1
Hitze,1
Historikerstreit,1
Hippies,1
Weihnachtsmarkt,1
Hindunationalisten,1
Hilfe,1
Heu,1
Herz,1
Herbert Kickl,1
Henning Harnisch,1
Hochzeitskapelle,1
Humor,1
Hund,1
Hunde,1
Influencer,1
Industrial Music,1
Warnstreik,1
Wasserkraft,1
Immunität,1
Immobilienspekulation,1
Immobilienmarkt,1
Immobilien,1
Imame,1
Imam,1
Imaginäre Folklore,1
Igor Dodon,1
Iggy Iop,1
Identität,1
Identitäre Bewegung,1
Ibuprofen,1
IT-Sicherheit,1
IG BAU,1
IBA Thüringen,1
IBA,1
Hörspiel,1
Höfesterben,1
Hygiene,1
Hybridauto,1
Hurrikan,1
Heinz-Christian Strache,1
Heimat,1
Heiligabend,1
Heidelberg,1
Gülle,1
Gülen-Bewegung,1
Götz Kubitschek,1
Gustav Mahler,1
Guinea,1
Grünes Geld,1
Grüne Klimafonds,1
Weißes Haus,1
Welt-Aids-Tag,1
Grün-Rot-Rot,1
Groteske,1
Welthandel,1
Grimme-Preis,1
Welthungerhilfe,1
Grenzschutz,1
Grenzkontrolle,1
Grenze,1
Green Deal,1
Gravitationswellen,1
Graphic Novel,1
Grabmal,1
Gottesdienst,1
Google News,1
Welthungerindex,1
Gold,1
Günter Grass,1
Innenministerium,1
Günter Nooke,1
HIV,1
Heckler und Koch,1
Heavy Metal,1
Haustiere,1
Haushaltsstreit,1
Hausbesuch,1
Hatespeech,1
Hate Speech,1
Hassan Rohani,1
Harvey Weinstein,1
Hans Globke,1
Handy,1
Handelsstreit,1
Handelskrieg,1
Hamstern,1
Hamburgische Bürgerschaft,1
Hamburger Schule,1
Hamburger Hafen,1
Hai,1
Haftbedingungen,1
Haft,1
Hafen Hamburg,1
Hacking,1
Haare,1
HSV,1
HIV-Therapie,1
HDP,1
Innenstädte,1
Insel,1
Insolvenz,1
Kinderarbeit,1
Kim Jong Un,1
Kidnapping,1
Kevin Kühnert,1
Kerala,1
Vietnamkrieg,1
Kenia,1
Kekse,1
Kaufhof,1
Katholizismus,1
Katholiken,1
Katastrophenschutz,1
Katalonien,1
Kastration,1
Kassenbon,1
Kartoffeln,1
Karlsruhe,1
Karl Theodor zu Guttenberg,1
Karl Ove Knausgård ,1
Karl Marx,1
Karl Lauterbach,1
Karikaturen,1
Kanzlerkandidatur,1
Kanzlerkandidat,1
Kannibalismus,1
Kinderbücher,1
Kanaren,1
Kinderfrage,1
Kinderschutz,1
Klischee,1
Klinik,1
Verteilungsgerechtigkeit,1
Vertrauen,1
Klimaschutzziele,1
Verwaltung,1
Klimakatastrophe,1
Klimagipfel,1
Klimaforschung,1
Victor Ponta,1
Kleines Fernsehspiel,1
Klaus Brinkbäumer,1
Klassiker,1
Klassik,1
Klarnamen,1
Klang,1
Kitsch,1
Video,1
Kita-Finanzierung,1
Kita,1
Kirgisien,1
Videokunst,1
Kinofilm,1
Videospiel,1
Kinderwunsch,1
Kinderpornografie,1
Naftali Bennett,1
Virtuell,1
Kammerspiel,1
WAZ,1
Jerusalem,1
Jean Castex,1
Waffenembargo,1
Jan Korte,1
Waffenexporte,1
Jagd,1
Jacques Chirac,1
Jacobs University,1
Israelkritik,1
Israelisches Militär,1
Wahlen,1
Wahlkampf,1
Islamische Theologie,1
Wahlkampf 2021,1
Intersexualität,1
Intersektionalität,1
Waldorfpädagogik,1
Waldschadensbericht,1
Intendantin,1
Intendant,1
Intelligente Maschinen,1
Integrationsgipfel,1
Institut für Staatspolitik,1
Installation,1
Jogi Löw,1
Virunga-Nationalpark,1
John McCain,1
Juden,1
Kamerun,1
Kamasi Washington,1
Virus,1
Kalifornien,1
Kairo,1
Kabarett,1
Vital Kamerhe,1
KMK,1
Jüdischer Friedhof,1
Jüdische Siedler,1
Volksabstimmung,1
Volkswagen,1
Justizpolitik,1
Justizbehörde,1
Vorurteile,1
Junges Theater,1
Junge Union,1
Julian Reichelt,1
Vulva,1
Jugendzentrum,1
Jugendschutz,1
Jugend Rettet e.V.,1
Jugend,1
Judith Butler,1
Juden in Frankreich,1
Joseph Goebbels,1
Golanhöhen,1
Nahverkehr,1
Nationalelf,1
Sexualstrafrecht,1
Treibhausgase,1
Sexualaufklärung,1
Sexismus,1
Sevim Dagdelen,1
Sesamstraße,1
Serie „Alte Meister“,1
Serie Medien und Rechtspopulismus,1
Senegal,1
Selbstständige,1
Selahattin Demirtas,1
Sexuelle Freiheit,1
Sehnsucht Sommer,1
Seelsorge,1
Secondhand,1
Scott Morrison,1
Schülerinnen,1
Schüler,1
Schönheit,1
Schönefeld,1
Schäfer,1
Schwimmen,1
Trend,1
Schweinezucht,1
Seenotrettung,1
Sexuelle Identität,1
Sexuelle Vielfalt,1
Shoa,1
Sommermärchen,1
Somaliland,1
Somalia,1
Soldiers of Odin,1
Soldaten,1
Software,1
Soforthilfe IBB,1
Smartphones,1
Smartphone,1
Smart City,1
Skitourismus,1
Skandal,1
Sitcom,1
Singles,1
Singapur,1
Silvesterknallerei,1
Trauerarbeit,1
Sigmar Gabriel,1
Sicherheitspolitik,1
Sicherheitslücken,1
Sicherheitskonzept,1
Traum,1
Shutdown,1
Show,1
Trauma,1
Schwarze Löcher,1
Schulschließungen,1
Schulpolitik,1
True Crime,1
Samtene Revolution,1
Samos,1
Sammlung,1
Salomonen,1
Sahel,1
Sahara,1
Tuberkulose,1
Sabotage,1
SSC Neapel,1
SPÖ,1
SPD-Vorsitz,1
SPD-Kanzlerkandidat,1
SPD-Fraktion,1
SPD Hamburg,1
SO36,1
SAP,1
Rüstungspolitik,1
Rüstungskontrolle,1
Rüstungsexporte,1
Rüstung,1
Räumung,1
Russland-Ermittlungen,1
Turkmenistan,1
Russische Opposition,1
Tötungsdelikte,1
San Sebastián,1
Sonnen GmbH,1
Sandinisten,1
Tschechien,1
Schuldenbremse,1
Schulbehörde Hamburg,1
Schulbeginn,1
Schufa,1
Schriftstellerin,1
Schreiben,1
Truppenabzug,1
Schokolade,1
Schmuggel,1
Schmerzen,1
Schlichtung,1
Schleuser,1
Schleswig-Holstein,1
Schlager,1
Schlaf,1
Schlachthof,1
Schizophrenie,1
Schengen-Raum,1
Schauspielerin,1
Schauspiel,1
Schaubühne Berlin,1
Schalke 04,1
Schah,1
Schafe,1
Schach,1
Satellit,1
UNHCR,1
Sonntagskrimi,1
Sophiensäle,1
Todesfälle,1
Taiwan,1
Tagesspiegel,1
Tagesschau,1
Tagebuch,1
Tag der Deutschen Einheit,1
Tabaré Vázquez,1
Tabak,1
TV-Serie,1
Todestag,1
TV-Koch,1
Talkshow,1
Süßigkeiten,1
Togo,1
Toiletten,1
Ton Steine Scherben,1
Tories,1
Toronto,1
Swetlana Tichanowskaja ,1
Svenja Schulze,1
Sven Regener,1
Superreiche,1
Superhelden,1
Sun Ra,1
Südstaaten,1
Todesfall,1
Tanzen,1
Tarek Al-Wazir,1
Thüringer Landtag,1
Ties Rabe,1
ThyssenKrupp,1
Tilman Kuban,1
Thomas Mann,1
Thomas Kemmerich,1
Theodor W. Adorno,1
Theater Osnabrück,1
Tino Chrupalla,1
The Notwist,1
The Internet,1
The Intercept,1
Textilindustrie,1
Textilien,1
Teufel,1
Tirana,1
Tirol,1
Terrorbekämpfung,1
Terroranschlag,1
Teleskop,1
Teheran,1
Technik,1
Taylor Swift,1
Tatort Bremen,1
Tarik Al-Wazir,1
Suizid,1
Sucht,1
Tote,1
Subkultur,1
Steinkohle,1
Statistik,1
Start-Up,1
Starbucks,1
Stalinismus,1
Stadtpolitik,1
Stadtgeschichte,1
Stadtentwicklung Bremen,1
Stadt-Land-Gefälle,1
Staatstrojaner,1
Staatspräsident,1
Spielzeug,1
Spielfilmdebüt,1
Spendengelder,1
Sparen,1
Transnistrien,1
Sozialwohnungen,1
Sozialismus,1
Sozialer Wohnungsbau,1
Sozialer Abstieg,1
Transparenz,1
Soziale Gerechtigkeit,1
Soumaila Cisse,1
Soul of Hamburg,1
Soul,1
Stella Sommer,1
Sony,1
Sterbehilfe,1
Steuererhöhung,1
Städtebau,1
Township,1
Trainer,1
Students For Future,1
Stromnetz,1
Strommarkt,1
Stromkonzerne,1
Streit,1
Streik,1
Trainerentlassung,1
Straßenbau,1
Straßenbahn,1
Strahlung,1
Strahlenschutz,1
Strafzölle,1
Strafprozess,1
Strache-Video,1
Stipendium,1
Stilistik,1
Stickstoffdioxid,1
Stickoxide,1
Stichwahl,1
Steuervermeidung,1
Steueroase,1
Steuerflucht,1
Sterben,1
Ruhrgebiet,1
Ruhestand,1
Romy Schneider,1
Pariser Kommune,1
Unesco-Kulturerbe,1
Paris St. Germain,1
Unesco-Welterbe,1
Papst Franziskus,1
Pamela Rendi-Wagner,1
Ungerechtigkeit,1
Paare,1
Paarbeziehungen,1
PPP,1
PLO,1
Park,1
Ostsee-Tunnel,1
Osteuropa,1
Osten,1
Ostdeutsche,1
Ost-Jerusalem,1
Oslo,1
Oscars,1
Organisierte Kriminalität,1
Ordnung,1
Oper,1
Onlinemedien,1
Online-Verkauf,1
Ostkongo,1
Parlamentarisches Kontrollgremium,1
Parlamentswahlen,1
Parodie,1
Pfleger,1
Pflegepersonal,1
Pflegekräftemangel,1
Pflegeheim,1
Pfizer,1
Pfand,1
Peter Handke,1
Pete Buttigieg,1
Peru,1
Persönlichkeitsrechte,1
Personenverkehr,1
Performance-KünstlerIn,1
Pentagon,1
Penis,1
Pazifismus,1
Pazifik,1
Paula Beer,1
Patti Smith,1
Patientendaten,1
Patienten,1
Patent- und Markenamt,1
Parteispenden,1
Parteienfinanzierung,1
Parteiaustritt,1
Parteiausschluss,1
Online-Pranger,1
Online-Plattform,1
Online-Journalismus,1
Online-Dating,1
Nobelpreis,1
No-Deal,1
Universität Hamburg,1
Uno,1
Unterdrückung,1
Nicole Kidman,1
Nicola Sturgeon,1
Nichtwähler,1
New York City,1
Neujahr,1
Unterhaltungsfernsehen,1
Neue deutsche Medienmacher,1
Neue Musik,1
Neue Dramatik,1
Neubau,1
Netzabdeckung,1
Neos,1
Neonazi,1
Neoliberalismus,1
Nazis,1
Untersuchungsausschuss,1
Naturkatastrophe,1
Nations League,1
Nationalpark Wattenmeer,1
Urenco,1
Nobelpreis für Literatur,1
Pflegermangel,1
Nomaden,1
Nord Stream 2,1
Olympia 1936,1
Olli Dittrich,1
Olga Tokarczuk,1
Ungleichheit,1
Oktoberfest,1
Ohren,1
Oder (Fluss),1
Odebrecht,1
Oberverwaltungsgericht,1
Oberbürgermeisterwahl,1
Obdachlos,1
Obama,1
OECD,1
Nürnberg,1
Nutzerdaten,1
Numerus Clausus,1
Nouvelle Vague,1
Notaufnahme,1
Uni Bremen,1
North-Stream-Pipeline,1
Nordstream,1
Nordsee,1
Unicef,1
Nordkorea,1
Nordafrika,1
Universität Bremen,1
Pharma,1
Pharmakonzerne,1
Philippinen,1
US-Sklaverei-Geschichte,1
Reality-Show,1
US-Sport,1
Rauchen,1
Rassistische Polizeikontrollen,1
Rassismus-Vorwurf,1
Rassismus und Covid-19,1
Rapperin,1
Rapper,1
Radioaktiv,1
Radikalisierung,1
Racial Profiling,1
Rabbiner,1
RTL,1
RBB,1
RB Leipzig,1
R2G Bremen,1
R&B,1
Quote,1
Quiz,1
Queers of Color,1
Uckermark,1
Quarantäne,1
Udo Walz,1
Pädagogik,1
Rechte,1
Putschversuch Türkei,1
Rechte Szene,1
US-Präsident,1
US-Armee,1
Rollenspiele,1
Rolf Mützenich,1
Rohstoffe,1
Rodrigo Duterte,1
Rock'n'Roll,1
Robert Habeck,1
Rio Reiser,1
Rheinland-Pfalz,1
Rhein,1
Rezession,1
Rezension,1
Restaurant,1
Republik Moldau,1
US-Justiz,1
Reporter,1
Rente,1
US-Politik,1
Reichsbürger,1
Reichensteuer,1
Regisseurinnen,1
Regisseur,1
Regierungskrise,1
Regierungsbildung,1
Reformpädagogik,1
US-Regierung,1
Urlaubsparadies,1
Putsch,1
Publikation,1
Pop-Kultur,1
Umweltbundesamt,1
Polyamorie,1
Polizeiskandal,1
Umweltministerium,1
Polizei Schleswig-Holstein,1
Polizei NRW,1
Polizei Mecklenburg-Vorpommern,1
Polizei Hessen,1
Polizei Hamburg,1
Polizei Berlin,1
Umweltverschmutzung,1
Politische Theorie,1
Politische Kunst,1
Politikwissenschaft,1
Umweltzerstörung,1
Pokémon Go,1
Pogromnacht,1
Poesie,1
Plattenladen,1
Plastikmüll,1
Pisa-Studie,1
Pipeline,1
Physik,1
Unabhängigkeit,1
Popgeschichte,1
Uganda,1
Porträt,1
Post-Punk,1
Pubertät,1
Psychiatrie,1
Psyche,1
Prügel,1
Präsidentenwahl,1
Provokation,1
Provider,1
Protest gegen Rechts,1
Umsatz,1
Prostitution,1
Prostituiertenschutzgesetz,1
Propaganda,1
Promotion,1
Prohibition,1
Privatuni,1
Privacy Shield,1
Prinzessin,1
Prinz Charles,1
Print,1
Preußen,1
Umtausch,1
Premier League,1
Prekariat,1
Preise,1
Postkolonialismus,1
Umverteilung,1
Goethe-Institut,1
Islamkritik,1
Bundesnetzagentur,1
Ennio Morricone,1
Englische Literatur,1
Automobilindustrie,1
Autonomie,1
Energiepolitik,1
Energie,1
Autorin,1
Enquete-Kommission,1
Emmy,1
Claus Leggewie,1
Emissionshandel,1
Emissionen,1
Außenseiter,1
Zeitgenössischer Tanz,1
Club,1
Elizabeth Warren,1
Außenpolitik,1
Elektrosmog,1
Automobilbranche,1
Entfremdung,1
Erdbeben,1
Auto-Branche,1
Auto-Lobby,1
Epidemie,1
Eon,1
Christine Lambrecht,1
Entwicklungsländer,1
Enteignung,1
Entwicklungshilfe,1
Entsorgung,1
Zweite Bundesliga,1
Entschuldigung,1
Christliche Fundamentalisten,1
Bootsflüchtlinge,1
Booker Prize,1
Entführung,1
Entwicklung,1
Elektroschrott,1
Zeichner,1
Axel Springer,1
Co2-Preis,1
EVG,1
Bollywood,1
EU-Sanktionen,1
keineA49,1
EU-Recht,1
Bolivien,1
Wirtschaftsnobelpreis,1
EU-Ratspräsidentschaft,1
Bahnreform,1
EU-Ratspräsident,1
Zürich,1
EU-Parlament,1
EU-Mitgliedstaaten,1
Bodo Ramelow,1
Balkan,1
Colonia Dignidad,1
Echo,1
Backen,1
Ecuador,1
Azubis,1
Elektrogeräte,1
Bonn,1
BILD,1
Elbvertiefung,1
El Salvador,1
Eisenbahn,1
Wirtschaftsministerium,1
Clubmusik,1
Einstürzende Neubauten,1
Einsamkeit,1
Einkaufen,1
Eierlikör,1
BND,1
Ehrenamtliche Arbeit,1
BVG,1
Babynahrung,1
Boris Palmer,1
Auswärtiges Amt,1
linke Parteien,1
Bundesparteitag,1
Export,1
China-EU-Gipfel,1
Experimentelle Musik,1
sexuelle Belästigung,1
Exil,1
Ashraf Ghani,1
Zwei-Grad-Ziel,1
Arzneimittel,1
Evi Keglmaier,1
Evangelikale,1
Chor,1
Asse,1
Asteroid,1
Astrophysik,1
Europäischer Filmpreis,1
Choreografie,1
Asien,1
Exzentrik,1
Wildtiere,1
Artenvielfalt,1
Fajes al-Sarradsch,1
Fair Trade,1
Fahrradfahrer,1
soziale Ungleichheit,1
siebziger Jahre,1
Biologie,1
Facebook-Verbot,1
Wiktor Janukowitsch,1
Botswana,1
Zeitgeschichte,1
FSV Mainz 05,1
Wild,1
FPÖ,1
sexuelle Sebstbestimmung,1
Aroma,1
Boston,1
Artensterben,1
Asyl,1
Wirtschaftspolitik,1
Asylpolitik,1
Europäische Zentralbank,1
Esoterik,1
Wintersport,1
Aufklärung,1
Erzgebirge,1
Erotik,1
Winzer,1
Augsburg,1
Aufarbeitung,1
Aung San Suu Kyi,1
Ausbildung,1
Ausbildungsplätze,1
Wir haben es satt,1
Auslieferung,1
Ausschuss,1
Erinnerungskultur,1
Erdöl,1
Christian Petzold,1
Christen,1
Borussia Mönchengladbach,1
Ethan Hawke,1
Asylrechtsverschärfung,1
Wilhelmsburg,1
Asylsuchende,1
Windenergie,1
Atheismus,1
Atom,1
Europaparlament,1
rechtsextreme VOX ,1
Bosnien,1
Eurokrise,1
Eurogruppe,1
Euro-Krise,1
Bosch,1
Winter,1
Ethikrat,1
Attentat,1
Ethik,1
Asylrecht,1
Arbeitszeit,1
Balkanroute,1
EU-Gipfel,1
Der rechte Rand,1
Der Spiegel,1
Wohltätigkeit,1
Coronabonds,1
Depression,1
Berlin Brandenburg,1
Berlin Kultur,1
Desinformation,1
Wut,1
Demonstrationsrecht,1
Berliner Senat,1
Berliner Stadtmission,1
Wohnen,1
Wohnungslosigkeit,1
Bernie Sanders,1
Demenz,1
Berlinale,1
Bertolt Brecht,1
Berlin Ausstellung,1
elektronische Musik,1
Begnadigung,1
Deutscher Reporterpreis,1
Behinderung,1
Beirut,1
grüne Energie,1
Deutscher Film,1
Deutsche Welthungerhilfe,1
Deutsche Fußball-Liga,1
Deutsche Umwelthilfe,1
Deutsche Islamkonferenz,1
Bitcoins,1
Deutsche Identität,1
gesundheitsamt,1
Wutbürger,1
Berghain,1
Bergwerk,1
Währung,1
Beschwerdestelle,1
Besetzung,1
Bestechlichkeit,1
deutsche Literatur,1
DIW,1
deutsche Justiz,1
Bildungsreform,1
DFL,1
Bildungsungerechtigkeit,1
Currywurst,1
Bildhauerei,1
DFB Team Frauen,1
Woyzeck,1
Wrestling,1
Goethe,1
Cyberspionage,1
Bio-Lebensmittel,1
Biotechnologie,1
Cyberkriminalität,1
Billiglohn,1
Bilder,1
digitale Kommunikation,1
Wolodimir Selenski,1
Bismarck,1
Beteiligung,1
Betriebssystem,1
doppelte Staatsbürgerschaft,1
Beziehung,1
Bezirksamt,1
Biber,1
Deaf Studies,1
Big Data,1
Datenschutzgrundverordnung,1
Wolf,1
Coverversion,1
Wolfsburg,1
Bilanz,1
Daniel Ortega,1
Daca-Programm,1
Wuhan,1
Beethoven-Jahr 2020,1
Deutsches Theater Göttingen,1
Black Friday,1
Diagnose,1
Drogenpolitik,1
Coming-of-Age-Film,1
Drogenkrieg,1
Bargeld,1
Barrierefreiheit,1
Barrikaden,1
Drogenhandel,1
Drohbriefe,1
iPhone,1
Drittmittel,1
Basel,1
Dresden,1
Drehbuch,1
Dreamer-Programm,1
Basketball,1
Doppelgänger,1
Blutspende,1
Dromedar,1
Dschihadisten,1
Duden,1
EU-Förderprgrogramm,1
Baltische Staaten,1
Bananen,1
EU-Flüchtlingspolitik,1
Bandscheibenvorfall,1
EU-Austritt,1
EU Außenpolitik,1
Bodensee,1
Wirtschaftsprüfer,1
ESM,1
Boden,1
Wirtschaftswachstum,1
E-Autos,1
Bankenunion,1
Bobi Wine,1
italienisches Essen,1
Dumpinglöhne,1
Doping,1
Ballett,1
Copyright,1
Wisconsin,1
Xinjiang,1
Digitales Lernen,1
Digital-Semester,1
Digital,1
Black History,1
Diesel,1
Dienstwagen,1
Digitalstrategie,1
Xavier Naidoo,1
Beat,1
Die Mannschaft,1
Wölfe,1
Die Linke,1
Wissenschaftsrat,1
Bebauung,1
Didier Eribon,1
Beamte,1
Digitalwirtschaft,1
Diktatur,1
Dinner,1
Blaxploitation,1
Dokumentartheater,1
Wissen,1
Blackwater,1
Doel,1
Diversität,1
Disney,1
Diskussion,1
Wissenschaft,1
Discounter,1
Dirk Behrendt,1
Dirigent,1
Diplomatie,1
Baumbesetzer*innen,1
Yoweri Museveni,1
grüne Mobilität,1
Yad Vashem,1
Blockchain,1
Wiesn,1
Biopic,1
Familiendrama,1
Games,1
Bärenmarke,1
Akademiker,1
Aktien,1
Gala,1
Gabriel García Márquez,1
Bundesfinanzminister,1
Bundesarbeitsgericht,1
Bundesanwaltschaft,1
Alassane Dramane Ouattara,1
Förderprogramm,1
Bundesrat,1
Alba Berlin,1
Werbeträger,1
Albert Camus,1
Gangsta-Rap,1
Airbnb,1
Ganztagsbetreuung,1
Gas,1
Wende,1
Gedichte,1
Busunternehmen,1
Afrikanische Schweinepest,1
Gedicht,1
Afrikanische Union,1
Gedenken,1
ÖVP,1
Werbespruch,1
Afrofuturismus,1
100. Geburtstag,1
Bäckereien,1
Gastkommentar,1
Agrarreform,1
Agrarsubventionen,1
Aids,1
Bäcker,1
Albtraum,1
Album,1
Alejandro Giammattei,1
Aliens,1
Freunde,1
Büffel,1
Freistaat Bayern,1
Freikorps,1
Arbeitsschutz,1
Alkoholismus,1
Giftanschlag,1
Alleinerziehende,1
Zeugnisse,1
Freihandel,1
Bürgerbeteiligung,1
Alpinismus,1
Freie Szene,1
Bürgerkrieg,1
Zulassung,1
Bühne,1
Afrikanische Musik,1
Börse,1
Friedenspreis des Deutschen Buchhandels,1
Buenos Aires,1
Fundamentalismus,1
Frontex,1
Gideon Saar,1
ÖPP,1
Ärzte,1
Friseure,1
Friedensforschung,1
Alexei Nawalny,1
Werkverträge,1
Alfred Bauer,1
Friedrich Küppersbusch,1
Ängste,1
Friedhöfe,1
Friedhof,1
Böllerverbot,1
Ärmelkanal,1
Alt-Right-Bewegung,1
Gefängnis,1
Afrikanische Flüchtlinge,1
Geschmackssache,1
Geschlechtergleichheit,1
Bundesverdienstkreuz,1
Geschlechter,1
Abdullah Öcalan,1
Aberglaube,1
Geschichtsrevisionismus,1
Bundesratsinitiative,1
Geschichtspolitik,1
Weltraumforschung,1
Geschenke,1
Zittau,1
Bundesverkehrsministerium,1
Bundesverwaltungsgericht,1
Abgasskandal,1
Geschäftsführer,1
Bundeskabinett,1
Zivilgesellschaft,1
Ökonomie,1
3sat,1
Bundesrepublik Deutschland,1
Gewalt gegen Kinder,1
40 Jahre Deutscher Herbst,1
Übergriffe,1
ADFC,1
Gesundheitssystem,1
Abholzung,1
Ökostromumlage,1
Gesundheitsdaten,1
AKW Brunsbüttel,1
Zugvogel,1
Gewalt in der Schule,1
Gesunde Ernährung,1
Bundestagsabgeordnete,1
Gesellschaftliche Teilhabe,1
Zoll,1
Gerichtsprozess,1
Abhören,1
Ökologische Landwirtschaft,1
Gewerkschaft NGG,1
Bundesinnenministerium,1
AfD Bremen,1
Gemäldegalerie,1
AfD Hamburg,1
Gemeinwohl,1
Geldwäsche,1
Gendergerechte Sprache,1
AfD Niedersachsen,1
Weltwirtschaftsforum,1
Gehirn,1
AfD Sachsen,1
Geheimnisverrat,1
AfD Schleswig-Holstein,1
Weltmusik,1
Bus,1
Burschenschaft,1
Gefühle,1
Genderpolitik,1
Öko-Auto,1
Gewerkschaft,1
Zirkus,1
Abstimmung,1
Abtreibungsgesetz,1
Abzug,1
George Clooney,1
Adel,1
AfD Bayern,1
Adoption,1
Georg Büchner,1
Advent,1
Geopolitik,1
Genuss,1
Gentechnik,1
Generalstreik,1
Generaldebatte,1
Bundesärztekammer,1
2020,1
1. FC Nürnberg,1
Altes Land,1
Finanzpolitik,1
Finanzminister,1
Brandner,1
Chanson,1
App,1
Finanzen,1
Filterblase,1
Filmrezension,1
Globalisierungskritik,1
Filmproduktion,1
Filmfestspiele Venedig,1
Charité,1
Filmfestival Venedig,1
Filmfestival Cannes,1
Widerstand,1
Finnland,1
Fische,1
Zuwanderung,1
Widerspruchslösung,1
Anti-Atom-Initiativen,1
Flächenverbrauch,1
Champions League,1
"""Arisierung""",1
Flugreisen,1
Anti-Terror-Gesetze,1
Flug,1
Wiedervereinigung,1
Antifaschismus,1
Fleischproduktion,1
Fleischkonsum,1
Whistleblower,1
Antike,1
taz,1
Flagge,1
Fitnessstudio,1
Flixbus,1
Fidesz-Partei,1
Fidesz,1
Brandkatastrophen,1
Arbeitsbedingungen,1
Felipe VI.,1
Boykott,1
Feinstaub,1
Chevron,1
Fehmarn,1
Federal Reserve,1
Arbeitnehmerrechte,1
Faustin Archange Touadéra,1
Arbeitsmigranten,1
Arbeitsministerium,1
Farc,1
Chicago,1
Chile,1
Familienrecht,1
Familiennachzug,1
Fatah,1
Flüchtlingscamp,1
Wiesbaden,1
Chemikalien,1
Charkow,1
Glück,1
Feuilleton,1
Feuerwerk,1
Feuerwehr,1
Feuer,1
Zwangsräumung,1
Arbeitnehmer,1
Fernverkehr,1
Fernsehserie,1
soziale Unruhen,1
Wiederveröffentlichung,1
Arbeit für Flüchtlinge,1
Arbeiter,1
Ferdinand von Schirach,1
Femizide,1
Arabische Revolution,1
Bürgermeister,1
Chalifa Haftar,1
Cellou Dalein Diallo,1
Frau,1
Französisches Kino,1
1. FC Kaiserslautern,1
Brot,1
Anarchie,1
Britisches Königshaus,1
Anden,1
Amnesty International,1
Anders Breivik,1
Andreas Bovenschulte,1
Franz Schubert,1
Andreas Kalbitz,1
türkische Küche,1
Frankfurter Buchmesse 2020,1
Britische Literatur,1
Android,1
Französischer Comic,1
Bremische Bürgerschaft,1
Amazonas,1
Frauen im Film,1
Altona,1
Frauensport,1
Bürgermeisterwahl,1
Alzheimer,1
Amateursport,1
Werner Kogler,1
Bürgerwehr,1
West-Berlin,1
CBD,1
Frauenhäuser,1
Zentralamerika,1
Frauenförderung,1
umsiedlung,1
Amazon Prime,1
CDU Baden-Württemberg,1
Frauen-Bundesliga,1
Frauenpolitik,1
Anti-Atom-Bewegung,1
Gipfeltreffen,1
Animation,1
Forstwirtschaft,1
Zusammenleben,1
Anthropologie,1
Café,1
Breitscheidplatz,1
Carles Puigdemont ,1
Anti-AKW,1
WhatsApp,1
Folter,1
Carrie Lam,1
Folk Music,1
Folk,1
Flüge,1
Gleichgeschlechtliche Ehe,1
Carsten Brosda,1
Ansteckung,1
Giuseppe Conte,1
Zeitzeugen,1
Fotograf,1
Francois Bozizé,1
Weltklimaabkommen,1
Franco A.,1
Animationsfilm,1
Francisco Franco,1
ökobíz,1
CIA,1
Fortuna Düsseldorf,1
Francis Ford Coppola,1
Annegret Kramp-Karrenbauer,1
Fox News,1
Annette Widmann-Mauz,1
Anonymität,1
Westjordanland,1
Bremerhaven,1
CO2-Ausstoß,1
2. Liga,1
Zukunft,2
Potsdam,2
Pelz,2
Postmoderne,2
PiS,2
Pierre Cardin,2
Borussia Dortmund,2
Braunkohle,2
Podcast,2
Polisario,2
Political Correctness,2
Unep,2
Politik,2
Bundeskanzler,2
Brutalismus,2
Buchmesse ,2
Bob Dylan,2
Polizei Thüringen,2
Polizei-Kriminalität,2
cancel culture,2
Bundeshaushalt,2
Populismus,2
Parteitag,2
Post,2
Pennsylvania,2
Pharmaindustrie,2
Glühwein,2
Biografie,2
Solarenergie,2
Ankara,2
Angst,2
transpazifisches Freihandelsabkommen,2
Soundtrack,2
Sozialpolitik,2
Soziologie,2
SpaceX,2
Transgender,2
Transformation,2
Trans-Community,2
Staatsanwälte,2
Staatsvertrag,2
Alter,2
Alten- und Pflegeheime,2
Anschläge,2
Stalking,2
Transpersonen,2
Transsexualität,2
Shell,2
Apple iOS,2
Shoah,2
systemrelevant,2
Apartheid,2
Sicherheit,2
Antisemitismus-Vorwurf,2
Anti-Israel,2
Singer-Songwriter,2
Sipri,2
Anti-AKW-Proteste,2
Ski,2
Skifahren,2
Skulptur,2
Sky,2
Antarktis,2
Standort Deutschland,2
Alpha Condé,2
Statue,2
Abkommen von Dayton,2
Abgase,2
Tarifverhandlungen,2
Tarifvertrag,2
Abdelaziz Bouteflika,2
Techno,2
Telekommunikation,2
Terror,2
Ökostrom,2
Terrorismusbekämpfung,2
Thailand,2
Theater Berlin,2
19. Jahrhundert,2
Therapie,2
Tierarzt,2
Ökologie,2
TV-Serien,2
TV,2
Süddeutsche Zeitung,2
Alltag,2
Alkohol,2
Trans,2
Algorithmus,2
Älterwerden,2
Steueroasen,2
Alexa,2
Sexualität,2
Akzeptanz,2
Aktivismus,2
Toxische Männlichkeit ,2
Agrarpolitik,2
Afrobeat,2
Supreme Court,2
Afghanistankrieg,2
Öffentlicher Nahverkehr,2
Aktivisten,2
Premiere,2
Arbeitsmarkt,2
Serie,2
Referendum,2
Regenwald,2
Bauernverband,2
Regierungskritik,2
häusliche Gewalt,2
Batterien,2
Batterie,2
Reichtum,2
US-Militär,2
Renaturierung,2
US-Außenpolitik,2
Resolution,2
Restitution,2
Banken,2
Bangui,2
Rechtsterrorismus,2
Bahrain,2
Rechtsstaatlichkeit,2
US-Sanktionen,2
Printmedien,2
Bill Gates,2
Bildung in Bremen,2
Uli Hoeneß,2
Uiguren,2
Betriebsrat,2
Bestechung,2
RAF,2
Berlin-Kreuzberg,2
RWE,2
Radverkehr,2
Belgien,2
Rassismus-Diskussion,2
Beerdigung,2
Rechte Gewalt,2
Rechtsradikalismus,2
Rom,2
Bahn,2
Royals,2
Attentäter,2
Schlachtindustrie,2
Atommüll,2
medizinische Versorgung,2
Atemschutzmasken,2
Schulden,2
Astronomie,2
Schwangerschaftsabbruch,2
Triage,2
Schwerpunkt TTIP,2
Artenschutz,2
Science,2
Science-Fiction,2
Sean Connery,2
Seoul,2
Aufrüstung,2
Ausbeutung,2
literataz 2020,2
Auto,2
Baden-Württemberg,2
Tübingen,2
BJP,2
Rüstungsindustrie,2
S-Bahn,2
Avantgarde,2
SC Freiburg,2
Serien,2
Tunnel,2
Autor,2
Tunesien 2011,2
Sachbuch,2
Autoindustrie,2
Autobiografie,2
Autobahnbau,2
Autobahn,2
Autoverkehr,2
Saskia Esken,2
Tierquälerei,2
Bundespolizei,2
Kulturpolitik Bremen,2
Kulturszene,2
Ikea,2
Kulturwirtschaft,2
Kurden,2
England,2
Wirtschaftskriminalität,2
Identitäre,2
Kühne und Nagel,2
Künstler,2
Wirtschaftskrise,2
Künstlerinnen,2
Eltern,2
Ibiza-Affäre,2
Elon Musk,2
IS-Terror,2
Elektronik,2
Friedensbewegung,2
Elektromobilität,2
Entwicklungszusammenarbeit,2
Epidemiologie,2
Verteidigungsetat,2
Kosovo,2
Essen,2
Indigene,2
Erzieherinnen und Erzieher,2
Parlamentswahl,2
Erntehelfer,2
Kreml-Kritiker,2
Erneuerbare-Energien-Gesetz (EEG),2
Erneuerbare Energien,2
Impfpflicht,2
Freihandelsabkommen,2
Krimiserie,2
Verschlüsselung,2
Erdogan,2
Kritik,2
Freizeit,2
Freundschaft,2
Konzert,2
Fritz Keller,2
Einwanderung,2
Hugo Chavez,2
Wasserstoff,2
Drohnen,2
Wehrsportgruppe Hoffmann,2
Homosexualität,2
Luftverkehr,2
Frank-Walter Steinmeier,2
Drogen,2
Luiz Inácio Lula da Silva,2
Lyrik,2
MAD,2
Mafia,2
Drama,2
Malerei,2
Home Schooling,2
Dokumentation,2
Doku,2
EEG-Reform,2
Landtag,2
GEZ,2
Vergewaltigung,2
Lebensmittelhandel,2
Fritz Kuhn,2
Edi Rama,2
Verletzung,2
EVP,2
EU-Zollunion,2
Funke Mediengruppe,2
Libanon,2
Werbung,2
Liberia,2
Hungerstreik,2
EU-Politik,2
Hunger,2
EU-Haushalt,2
Föderalismus,2
Verhältnis Iran - Israel,2
Litauen,2
G20,2
Industrie,2
Euro,2
Freiberufler,2
Jusos,2
Flughafen BER,2
Flucht,2
Irans Atomprogramm,2
Fleisch,2
KSK,2
Kalter Krieg,2
Kammerspiele München,2
Kampanien,2
Kartellamt,2
Interview,2
Katholische Kirche,2
Katja Kipping,2
Internetzensur,2
Kaukasus,2
Fernbusse,2
Femizid,2
Flugverkehr,2
Feministische Kunst,2
Franziska Giffey,2
Jugendsport,2
Janet Yellen,2
Jacinda Ardern,2
Waffen,2
Jazzfest Berlin,2
WHO,2
Jemen Bürgerkrieg,2
Fortnite,2
John Kerry,2
Forschungsministerium,2
Joseph Kabila,2
Wahl,2
Journalismus,2
Juan Guaidó,2
Istanbul,2
Frankfurt am Main,2
Vögel,2
Westafrika,2
Flüchtlingshilfe,2
Felix Tshisekedi,2
Vietnam,2
Internet der Dinge,2
Inklusion,2
Kohlekraftwerke,2
Informationstechnologie,2
Europäischer Gerichtshof für Menschenrechte,2
Informationsfreiheitsgesetz,2
Kolumbien,2
Europäischer Gerichtshof,2
Komik,2
Komiker,2
Kommunalwahl,2
Kommunalwahlen,2
Kommunikation,2
Europäische Kulturhauptstadt,2
Kongo,2
Konjunktur,2
Konjunkturpaket,2
Konservative,2
Kohle,2
Kochen,2
Kochbuch,2
Experiment,2
Feinde der Pressefreiheit,2
Kinshasa,2
Fans,2
Integrationspolitik,2
Familie,2
Instagram,2
Fachkräftemangel,2
Frauenquote,2
Holocaustüberlebende,2
Insekten,2
Klima-Demo,2
VfL Wolfsburg,2
Klimaneutralität,2
Klimapaket,2
FDLR,2
Veruntreuung,2
Extinction Rebellion,2
Explosion,2
Frauenrechtlerin,2
Verdi,2
Luftverschmutzung,2
Hollywood,2
Weltraum,2
Computer,2
Nancy Pelosi,2
Narzissmus,2
Coming-Out,2
Urheberrecht,2
Comic,2
Gesichtserkennung,2
Gesundheitspolitik,2
Nato,2
Natur,2
Naturwissenschaft,2
Unterricht,2
Netzausbau,2
Netzpolitik,2
Neue Deutsche Welle,2
Untreue,2
Nachtzüge,2
Gesellschaft,2
Güterverkehr,2
Musiktheater,2
DAX,2
Männerrechtler,2
Gerichtsverfahren,2
Männlichkeit,2
Märchen,2
Cybersicherheit,2
VW,2
Dinosaurier,2
Hackerangriff,2
Geschlechtergerechtigkeit,2
Country,2
NS-Gedenken,2
NS-Verfolgte,2
NSA,2
HBO,2
Xi Jinping,2
Christine Lagarde,2
Unternehmen,2
Grüne Hamburg,2
Gewalt im Sport,2
CDU-Parteitag,2
CDU Bremen,2
Greta Thunberg,2
Olympische Spiele,2
Online,2
Green New Deal,2
Opfer,2
Opposition in der Türkei,2
Gleichberechtigung,2
Bäume,2
Ostdeutschland,2
Zinsen,2
Ouagadougou,2
Pakistan,2
Unesco-Weltnaturerbe,2
Gleichstellung,2
Globalisierung,2
Zentralafrikanische Republik,2
Weinanbau,2
Zensur,2
Obdachlosigkeit,2
Grundschule,2
Christchurch,2
Nicaragua,2
Nick Cave,2
Nicolas Sarkozy,2
Grundrechte,2
Niedersachsen,2
Niger,2
Chemnitz,2
Zeitschriften,2
Große Koalition,2
Union,2
Chancengleichheit,2
Nordkreuz,2
Weltall,2
CO2-Zertifikate,2
CO2,2
Grodno,2
Wein,2
Jahresrückblick,2
Mockumentary,2
Hannah Arendt,2
Debatte Digitalisierung,2
Weltwirtschaft,2
Geflüchtete Frauen,2
Mobilitätswende,2
Mobilfunkanbieter,2
Mobbing,2
Demonstration,2
Merkel-Nachfolge,2
Mitch McConnell,2
Haushaltsdebatte,2
Ministerpräsidenten,2
Deutsches Theater,2
Demonstrationsverbot,2
Hillary Clinton,2
Miniserie,2
Denkmal,2
Hilfsorganisation,2
Michael Flynn,2
Michael Kretschmer,2
Milorad Dodik,2
Wochenendkrimi,2
Microsoft,2
Mikroplastik,2
Hildesheim,2
Verbot von Atomwaffen,2
Heiko Maas,2
Modefotografie,2
Model,2
Gelbwesten,2
Gericht,2
Vegan,2
Mozzarella,2
Dieselskandal,2
Museum,2
Hamburger SV,2
Musical,2
Gerd Müller,2
Geburt,2
Die Rechte,2
Mehrwertsteuer,2
Wissenschaftskommunikation,2
DGB,2
Handelskonflikt,2
Memes,2
Massentierhaltung,2
Hochwasserschutz,2
Georg Maier,2
Mohammed-Karikaturen,2
Mohammed bin Salman,2
Moderne Kunst,2
Daten,2
DUH,2
Weimar,3
Gastronomie,3
Irak,3
Sudan,3
Geheimdienst,3
Investigativer Journalismus,3
1. Bundesliga,3
Angriff,3
Irland,3
Hochschulen,3
Horror,3
Homeoffice,3
Ghana,3
Tiere,3
Greenpeace,3
#metoo,3
Hochschule,3
Hubertus Heil,3
Impfstoff,3
Gewalt gegen Frauen,3
Amy Coney Barrett,3
Görlitz,3
Hanf,3
Georgia,3
Abdel Fattah al-Sisi,3
Identitätspolitik,3
Handelsabkommen,3
Handel,3
Hanau,3
Hacker,3
Tod,3
Abfall,3
Freiheit,3
Wandern,3
Gerichtsurteil,3
Tarifabschluss,3
AKW,3
Hansestadt Hamburg,3
Weimarer Republik,3
IG Metall,3
Fußball und Politik,3
Gender,3
Gender Pay Gap,3
Überwachung,3
Aldi,3
Spenden,3
Frauenbewegung,3
Öffentlich-Rechtliche,3
Frauenfußball,3
Alpen,3
Spionage,3
Integration,3
Sprachkritik,3
Gewalt,3
Guatemala,3
Innenministerkonferenz,3
Funk,3
Walter Lübcke,3
Krankheit,3
James Bond,3
Deutsche Fußball-Nationalmannschaft,3
Radfahren,3
Venezuela,3
Debütalbum,3
Bestattung,3
Debatte,3
Migranten,3
Moderne,3
Präsidentschaftswahl,3
Dax-Unternehmen,3
Moorburg,3
Bildband,3
Moria,3
Mostar,3
Prävention,3
Profi-Fußball,3
Rap,3
Deutsche Geschichte,3
Religion,3
Anja Karliczek,3
Vereinigte Arabische Emirate,3
Massaker,3
Recycling,3
Wissenschaftsbarometer,3
evangelische Kirche,3
Die Wahrheit,3
Deutschland,3
Bedingungsloses Grundeinkommen,3
Menstruation,3
Raumfahrt,3
Deutscher Kolonialismus,3
Wisskomm,3
Rechte Polizei,3
Bildungssystem,3
DFB-Präsident,3
Musikindustrie,3
Bosnien und Herzegowina,3
Nicolás Maduro,3
Uniter,3
Cannabis,3
Oberbürgermeister,3
Performance,3
New York,3
People of Color,3
Online-Shopping,3
Onlinehandel,3
Opposition,3
Patriarchat,3
Bundeskanzleramt,3
Bundesliga,3
Brüssel,3
Plastik,3
Neuseeland,3
Christentum,3
Biodiversität,3
Presse,3
Müll,3
NGO,3
NRW,3
Birma / Myanmar,3
NSU,3
Umwelt,3
Corona Krankenhaus,3
Blogger,3
Polizeigesetz,3
Nashville,3
Comedy,3
Clans,3
Netzkultur,3
Repression,3
Drogenkonsum,3
Mali,3
London,3
Kino,3
Arbeitsrecht,3
Arbeitswelt,3
Klage,3
Architektur,3
Fahrrad,3
Kindheit,3
Sebastian Kurz,3
sexueller Missbrauch,3
Klimabewegung,3
Schwarz-Grün,3
Europäisches Parlament,3
Europa,3
Luftfahrt,3
Klaus-Michael Kühne,3
Atomwaffen,3
Kinderbuch,3
Sexuelle Gewalt,3
taz-Serie Corona glokal ,3
Solidarität,3
Anschlag,3
Joshua Wong,3
Sklaverei,3
Jubiläum,3
Arbeitskampf,3
Jugendbuch,3
Flüchtlinge,3
Anti-Rassismus,3
Antifeminismus,3
Finanzhilfen,3
Kartellrecht,3
Festival,3
Flüchtlingslager,3
Schifffahrt,3
Atomkraftwerk,3
Schauspieler,3
lesbisch,3
Edward Snowden,3
Lesbos,3
Bafög,3
Rot-Rot-Grün,3
Rot-Grün Hamburg,3
Libyen,3
Lieferketten,3
Likud,3
Rohingya,3
EU-Grenzpolitik,3
Bangladesch,3
Lkw,3
Düsseldorf,3
Dänemark,3
Laizismus,3
LGBTIQ,3
Elektroauto,3
Kroatien,3
Krieg,3
Wirtschaft,3
Kriegsverbrechen,3
Tschernobyl,3
Sao Paulo,3
Körper,3
Kuba,3
Münster,3
Kulturmanagement,3
Wald,4
Viktor Orbán,4
Öffentlicher Dienst,4
Ursula von der Leyen,4
ZDFneo,4
Walter Benjamin,4
Wasser,4
US-Wahlkampf 2020,4
Trier,4
Ukraine,4
Tunesien,4
Umfrage,4
Vernetzung,4
Krankenhäuser,4
Republikaner,4
FSB,4
Medizin,4
Portugal,4
Erzählungen,4
Ernährung,4
Maske,4
Prozess,4
Ermittlungen,4
Haushalt,4
"Glaube, Religion, Kirchenaustritte",4
Eritrea,4
Alexander Gauland,4
Hessen,4
Alberto Fernández,4
Holger Stahlknecht,4
Albanien,4
Homeschooling,4
E-Mobilität,4
Geld,4
Rumänien,4
EZB,4
Leiharbeit,4
Menschen mit Behinderung,4
Pariser Abkommen,4
Nasa,4
Nationalismus,4
Nationalpark,4
Gehörlose,4
Geflüchtete,4
Gebärdensprache,4
Neue Rechte,4
Betrug,4
Niederlande,4
Gewerkschaft Verdi,4
Apple,4
Norbert Röttgen,4
Norbert Walter-Borjans,4
Nordirland,4
Nordrhein-Westfalen,4
Fleischindustrie,4
Minsk,4
Mindestlohn,4
Julia Klöckner,4
Bildungspolitik,4
Nikol Paschinjan,4
Lebensmittel,4
Annalena Baerbock,4
Infektion,4
Kapitalismus,4
Slowakei,4
Kenia-Koalition,4
Klimaziele,4
Bafin,4
Internationaler Tag zur Beseitigung von Gewalt gegen Frauen,4
Spotify,4
Subventionen,4
ARD-Tatort,4
Steuer,4
Klimapolitik,4
Syrien-Flüchtlinge,4
Kindesmissbrauch,4
Studie,4
Barack Obama,4
Kitas,4
Sprache,4
Bundesländer,4
Kirche,4
Buch,4
Clemens Tönnies,4
Jemen,4
Thriller,4
Impfgegner,4
Ján Kuciak,4
Satire,4
Kamala Harris,4
Bauern,4
Kampfdrohnen,4
Tanz,4
Der Hausbesuch,4
Taliban,4
Demokratiebewegung,4
Schweden,4
Kreuzberg,4
Deutsche Sprache,4
Muhammadu Buhari,5
Japan,5
Monopol,5
Kanada,5
Atomabkommen,5
Griechenland,5
Berlin,5
Impfen,5
Kulturpolitik,5
Lidl,5
Huawei,5
Krise,5
Homophobie,5
Linkspartei,5
Lisa Eckhart,5
Krimi,5
Halle,5
Kolonialismus,5
Kohleausstieg,5
Grüne Hessen,5
Innenminister,5
Mexiko,5
Baschar al-Assad,5
Thüringen,5
Filmfestival,5
Andreas Scheuer,5
Reporter ohne Grenzen,5
Afrika,5
Südkorea,5
Abschiebung,5
Rundfunkgebühren,5
Nabu,5
Die Grünen,5
SUV,5
Sachsen,5
Öffentlich-Rechtlicher Rundfunk,5
AFD-Parteitag,5
Schweiz,5
Shopping,5
Silvester,5
Trauer,5
Südafrika,5
Soziale Medien,5
5G-Technologie,5
2020 in guten Nachrichten,5
CDU-Parteivorsitzende,5
Öl,5
Bundesverfassungsgericht,5
EU,5
TV-Krimi,5
Frauenrechte,5
Clubkultur,5
Corona-App,5
Corona-Demos,5
Fischerei,5
zeitgenössische Fotografie ,5
Peter Altmaier,5
Fernsehen,5
Wien,5
Rechtspopulismus,5
Burkina Faso,5
Fake News,5
Europäische Kommission,5
Youtube,5
EuGH,5
Protokoll Arbeit und Corona,5
Alexander Lukaschenko,5
Tatort,5
QAnon,5
Razzia,5
Todesstrafe,5
Umweltschutz,5
CDU/CSU,6
Jair Bolsonaro,6
Diego Maradona,6
Coronaleugner,6
DFB,6
Bosnien-Herzegowina,6
Holocaust,6
EU-Kommission,6
fridays for future,6
Benny Gantz,6
Black Lives Matter,6
Geschichte,6
Westsahara,6
Fotografie,6
Bundestagswahl 2021,6
BDS-Movement,6
Charlie Hebdo,6
Palästina,6
Universität,6
Judentum,6
Philosophie,6
Meinungsfreiheit,6
Algorithmen,6
Maskenpflicht,6
Popmusik,6
Pressefreiheit in Europa,6
Queer,6
Rechter Terror,6
Naturschutz,6
Schottland,6
Sexualisierte Gewalt,6
Afghanistan,6
Social Media,6
Jörg Meuthen,6
Tesla,6
Klima,6
Syrien,6
Atomkraft,6
Stuttgart,6
Studium,6
Synagoge,6
Amazon,6
Ausstellung,6
Fußball-Bundesliga,7
"""Querdenken""-Bewegung",7
Norwegen,7
Forschung,7
zeitgenössische Kunst,7
öffentlich-rechtliches Fernsehen,7
Saudi-Arabien,7
Reiner Haseloff,7
Covid-19,7
Boko Haram,7
ARD,7
Twitter,7
Diskriminierung,7
Protest,7
Alexej Nawalny,7
Dokumentarfilm,7
ÖPNV,7
Algerien,7
Terrorismus,7
Justiz,7
Belarus,7
Verfassungsschutz,7
Argentinien,7
Marokko,7
Nationalsozialismus,7
Islam,7
GroKo,7
Wahlbetrug,7
Verbraucherschutz,7
HipHop,7
CO2-Emissionen,7
Mode,7
München,7
Jazz,7
Arbeit,7
Aserbaidschan,8
Corona-Tests,8
Brandenburg,8
Hongkong,8
Benjamin Netanjahu,8
Liebe,8
Wladimir Putin,8
Kultur,8
Armut,8
Konsum,8
US-Demokraten,8
Markus Söder,8
Polizei,8
Friedrich Merz,8
Bildende Kunst,8
Kinder,8
Islamismus,8
Punk,8
Australien,8
Sicherheitsgesetz,8
Grüne,8
Vereinte Nationen,8
DVD,8
Tourismus,9
Klimaschutz,9
KP China,9
DDR,9
TikTok,9
Spielfilm,9
Tierschutz,9
Bundesregierung,9
wirecard,9
Facebook,9
Nigeria,9
Frauen,9
Migration,9
Olaf Scholz,9
Google,9
Medien,9
Bayern,9
Kunst,9
FC Bayern München,9
Energiewende,9
Emmanuel Macron,9
Einzelhandel,9
Schulen,9
Pop,9
Ägypten,10
Armin Laschet,10
Brasilien,10
Bremen,10
Internet,10
Indien,10
Polen,10
Paris,10
Italien,10
Recep Tayyip Erdogan,10
Klimakrise,10
Korruption,10
Gesundheit,10
Ungarn,10
Reisen,10
Präsident Trump,10
Neues Album,10
Streaming,10
AfD,11
Proteste,11
Rundfunkbeitrag,11
Demokratie,11
Armenien,11
Nachhaltigkeit,11
Bündnis 90/Die Grünen,11
SPD,11
Abiy Ahmed,11
Deutsche Bahn,12
Musik,12
Bundeswehr,12
Datenschutz,12
Klimawandel,13
Netflix,13
Verkehr,13
Horst Seehofer,13
Nachruf,13
Schule,13
Digitalisierung,13
Spanien,13
Roman,14
künstliche Intelligenz,14
Polizeigewalt,14
Impfung,14
Boris Johnson,15
Österreich,15
CDU,15
Bildung,15
Hamburg,16
Feminismus,16
Tigray,16
Türkei,17
Dannenröder Forst,17
Corona-Nothilfen,17
Verkehrswende,17
Sachsen-Anhalt,18
Theater,18
Äthiopien,18
Corona-Hilfen,18
Corona-Prävention,18
Bundestag,18
Film,18
Angela Merkel,18
Iran,19
Menschenrechte,20
Fußball,20
Rassismus,23
Landwirtschaft,25
klimataz,25
Israel,25
China,27
Antisemitismus,29
Russland,29
Großbritannien,30
Weihnachten,31
Frankreich,33
Joe Biden,33
Literatur,33
Lockdown,35
Pandemie,35
Rechtsextremismus,36
Europäische Union,38
USA,41
Donald Trump,41
Corona-Virus,47
Corona-Impfstoff,47
IG,54
Corona-Maßnahmen,73
