ressort,date,_id,author,title,keywords,intro,body
Afrika,10. 12. 2020,1,1,1,1,1,1
Künste,18. 12. 2020,1,1,1,1,1,1
Künste,19. 12. 2020,1,1,1,1,1,1
Künste,19. 7. 2020,1,1,1,1,1,1
Künste,22. 9. 2017,1,1,1,1,1,1
Künste,24. 10. 2020,1,1,1,1,1,1
Künste,24. 11. 2020,1,1,1,1,1,1
Künste,25. 11. 2020,1,1,1,1,1,1
Künste,26. 11. 2020,1,1,1,1,1,1
Künste,26. 12. 2020,1,1,1,1,1,1
Künste,26. 2. 2020,1,1,1,1,1,1
Künste,27. 11. 2020,1,1,1,1,1,1
Künste,27. 12. 2020,1,1,1,1,1,1
Künste,28. 10. 2020,1,1,1,1,1,1
Künste,28. 11. 2020,1,1,1,1,1,1
Künste,28. 12. 2020,1,1,1,1,1,1
Künste,3. 7. 2020,1,1,1,1,1,1
Künste,4. 12. 2020,1,1,1,1,1,1
Künste,4. 9. 2019,1,1,1,1,1,1
Künste,6. 12. 2020,1,1,1,1,1,1
Künste,7. 12. 2020,1,1,1,1,1,1
Künste,8. 10. 2020,1,1,1,1,1,1
Künste,9. 12. 2020,1,1,1,1,1,1
Medien,1. 12. 2020,1,1,1,1,1,1
Künste,18. 11. 2020,1,1,1,1,1,1
Künste,17. 5. 2020,1,1,1,1,1,1
Künste,17. 11. 2020,1,1,1,1,1,1
Künste,16. 12. 2020,1,1,1,1,1,1
Konsum,20. 12. 2020,1,1,1,1,1,1
Konsum,21. 11. 2020,1,1,1,1,1,1
Konsum,22. 12. 2020,1,1,1,1,1,1
Konsum,23. 11. 2020,1,1,1,1,1,1
Konsum,24. 10. 2020,1,1,1,1,1,1
Konsum,24. 8. 2020,1,1,1,1,1,1
Konsum,26. 11. 2020,1,1,1,1,1,1
Konsum,27. 11. 2020,1,1,1,1,1,1
Konsum,3. 12. 2020,1,1,1,1,1,1
Konsum,30. 11. 2020,1,1,1,1,1,1
Konsum,30. 9. 2020,1,1,1,1,1,1
Medien,10. 10. 2020,1,1,1,1,1,1
Konsum,4. 11. 2020,1,1,1,1,1,1
Kultur,14. 12. 2020,1,1,1,1,1,1
Kultur,21. 11. 2020,1,1,1,1,1,1
Kultur,22. 11. 2020,1,1,1,1,1,1
Kultur,23. 11. 2020,1,1,1,1,1,1
Kultur,24. 11. 2020,1,1,1,1,1,1
Kultur,27. 11. 2020,1,1,1,1,1,1
Künste,1. 11. 2020,1,1,1,1,1,1
Künste,1. 12. 2020,1,1,1,1,1,1
Künste,11. 12. 2020,1,1,1,1,1,1
Künste,11. 5. 2020,1,1,1,1,1,1
Künste,15. 11. 2020,1,1,1,1,1,1
Konsum,9. 10. 2020,1,1,1,1,1,1
Konsum,18. 9. 2020,1,1,1,1,1,1
Medien,11. 12. 2020,1,1,1,1,1,1
Medien,12. 12. 2020,1,1,1,1,1,1
Musik,12. 12. 2020,1,1,1,1,1,1
Musik,13. 11. 2020,1,1,1,1,1,1
Musik,15. 7. 2020,1,1,1,1,1,1
Musik,16. 11. 2020,1,1,1,1,1,1
Musik,17. 11. 2016,1,1,1,1,1,1
Musik,17. 8. 2020,1,1,1,1,1,1
Musik,18. 11. 2020,1,1,1,1,1,1
Musik,18. 12. 2020,1,1,1,1,1,1
Musik,19. 8. 2020,1,1,1,1,1,1
Musik,2. 12. 2020,1,1,1,1,1,1
Musik,21. 11. 2020,1,1,1,1,1,1
Musik,21. 12. 2020,1,1,1,1,1,1
Musik,22. 11. 2020,1,1,1,1,1,1
Musik,23. 12. 2020,1,1,1,1,1,1
Musik,25. 11. 2020,1,1,1,1,1,1
Musik,26. 11. 2020,1,1,1,1,1,1
Musik,28. 11. 2020,1,1,1,1,1,1
Musik,29. 12. 2020,1,1,1,1,1,1
Musik,4. 11. 2020,1,1,1,1,1,1
Musik,4. 12. 2020,1,1,1,1,1,1
Musik,4. 6. 2019,1,1,1,1,1,1
Musik,5. 11. 2020,1,1,1,1,1,1
Musik,5. 12. 2019,1,1,1,1,1,1
Musik,11. 12. 2020,1,1,1,1,1,1
Musik,11. 11. 2020,1,1,1,1,1,1
Musik,10. 12. 2020,1,1,1,1,1,1
Musik,1. 12. 2020,1,1,1,1,1,1
Medien,15. 12. 2020,1,1,1,1,1,1
Medien,17. 3. 2019,1,1,1,1,1,1
Medien,17. 3. 2020,1,1,1,1,1,1
Medien,19. 11. 2020,1,1,1,1,1,1
Medien,19. 12. 2020,1,1,1,1,1,1
Medien,2. 12. 2019,1,1,1,1,1,1
Medien,2. 12. 2020,1,1,1,1,1,1
Medien,2. 3. 2018,1,1,1,1,1,1
Medien,20. 11. 2020,1,1,1,1,1,1
Medien,20. 8. 2020,1,1,1,1,1,1
Medien,20. 9. 2020,1,1,1,1,1,1
Medien,12. 11. 2020,1,1,1,1,1,1
Medien,23. 12. 2020,1,1,1,1,1,1
Medien,26. 10. 2020,1,1,1,1,1,1
Medien,28. 4. 2020,1,1,1,1,1,1
Medien,28. 9. 2020,1,1,1,1,1,1
Medien,29. 10. 2020,1,1,1,1,1,1
Medien,3. 11. 2020,1,1,1,1,1,1
Medien,30. 11. 2020,1,1,1,1,1,1
Medien,6. 12. 2020,1,1,1,1,1,1
Medien,6. 4. 2020,1,1,1,1,1,1
Medien,6. 9. 2020,1,1,1,1,1,1
Musik,1. 11. 2020,1,1,1,1,1,1
Musik,1. 12. 2019,1,1,1,1,1,1
Medien,24. 12. 2020,1,1,1,1,1,1
Konsum,18. 11. 2020,1,1,1,1,1,1
Konsum,17. 11. 2020,1,1,1,1,1,1
Konsum,16. 4. 2020,1,1,1,1,1,1
Gesundheit,24. 12. 2020,1,1,1,1,1,1
Gesundheit,25. 12. 2020,1,1,1,1,1,1
Gesundheit,26. 10. 2020,1,1,1,1,1,1
Gesundheit,27. 11. 2020,1,1,1,1,1,1
Gesundheit,28. 11. 2020,1,1,1,1,1,1
Gesundheit,29. 11. 2020,1,1,1,1,1,1
Gesundheit,5. 12. 2020,1,1,1,1,1,1
Gesundheit,6. 12. 2020,1,1,1,1,1,1
Gesundheit,8. 12. 2020,1,1,1,1,1,1
Hamburg,1. 12. 2020,1,1,1,1,1,1
Hamburg,10. 11. 2020,1,1,1,1,1,1
Hamburg,15. 11. 2020,1,1,1,1,1,1
Hamburg,2. 12. 2020,1,1,1,1,1,1
Hamburg,20. 10. 2020,1,1,1,1,1,1
Hamburg,20. 11. 2020,1,1,1,1,1,1
Hamburg,25. 11. 2020,1,1,1,1,1,1
Hamburg,25. 8. 2019,1,1,1,1,1,1
Hamburg,26. 11. 2020,1,1,1,1,1,1
Hamburg,27. 12. 2020,1,1,1,1,1,1
Hamburg,28. 11. 2020,1,1,1,1,1,1
Hamburg,29. 11. 2020,1,1,1,1,1,1
Hamburg,3. 12. 2020,1,1,1,1,1,1
Kolumnen,1. 12. 2020,1,1,1,1,1,1
Gesundheit,23. 11. 2020,1,1,1,1,1,1
Gesundheit,21. 11. 2020,1,1,1,1,1,1
Gesundheit,19. 12. 2020,1,1,1,1,1,1
Gesundheit,14. 12. 2020,1,1,1,1,1,1
Film,31. 7. 2019,1,1,1,1,1,1
Film,4. 11. 2020,1,1,1,1,1,1
Film,4. 12. 2020,1,1,1,1,1,1
Film,4. 9. 2019,1,1,1,1,1,1
Film,5. 11. 2020,1,1,1,1,1,1
Film,6. 12. 2020,1,1,1,1,1,1
Film,7. 11. 2020,1,1,1,1,1,1
Film,8. 11. 2020,1,1,1,1,1,1
Film,9. 11. 2020,1,1,1,1,1,1
Fußball,13. 12. 2020,1,1,1,1,1,1
Fußball,14. 11. 2020,1,1,1,1,1,1
Kolumnen,1. 6. 2020,1,1,1,1,1,1
Fußball,15. 11. 2020,1,1,1,1,1,1
Fußball,18. 9. 2020,1,1,1,1,1,1
Fußball,25. 11. 2018,1,1,1,1,1,1
Fußball,25. 12. 2020,1,1,1,1,1,1
Fußball,27. 10. 2020,1,1,1,1,1,1
Fußball,27. 9. 2019,1,1,1,1,1,1
Fußball,30. 11. 2020,1,1,1,1,1,1
Fußball,31. 3. 2019,1,1,1,1,1,1
Fußball,7. 10. 2020,1,1,1,1,1,1
Fußball,9. 12. 2020,1,1,1,1,1,1
Gesundheit,1. 12. 2020,1,1,1,1,1,1
Gesundheit,11. 11. 2020,1,1,1,1,1,1
Fußball,18. 11. 2020,1,1,1,1,1,1
Kolumnen,10. 12. 2020,1,1,1,1,1,1
Kolumnen,10. 3. 2020,1,1,1,1,1,1
Kolumnen,10. 6. 2020,1,1,1,1,1,1
Kolumnen,24. 9. 2020,1,1,1,1,1,1
Kolumnen,25. 11. 2020,1,1,1,1,1,1
Kolumnen,25. 5. 2020,1,1,1,1,1,1
Kolumnen,26. 7. 2020,1,1,1,1,1,1
Kolumnen,27. 9. 2020,1,1,1,1,1,1
Kolumnen,28. 11. 2020,1,1,1,1,1,1
Kolumnen,29. 10. 2017,1,1,1,1,1,1
Kolumnen,29. 12. 2020,1,1,1,1,1,1
Kolumnen,29. 6. 2020,1,1,1,1,1,1
Kolumnen,3. 12. 2020,1,1,1,1,1,1
Kolumnen,30. 12. 2020,1,1,1,1,1,1
Kolumnen,24. 7. 2020,1,1,1,1,1,1
Kolumnen,31. 10. 2020,1,1,1,1,1,1
Kolumnen,6. 8. 2020,1,1,1,1,1,1
Kolumnen,7. 12. 2020,1,1,1,1,1,1
Kolumnen,8. 9. 2020,1,1,1,1,1,1
Kolumnen,9. 12. 2020,1,1,1,1,1,1
Konsum,1. 10. 2020,1,1,1,1,1,1
Konsum,14. 10. 2020,1,1,1,1,1,1
Konsum,14. 9. 2020,1,1,1,1,1,1
Konsum,15. 12. 2020,1,1,1,1,1,1
Konsum,15. 9. 2020,1,1,1,1,1,1
Konsum,16. 12. 2019,1,1,1,1,1,1
Konsum,16. 12. 2020,1,1,1,1,1,1
Kolumnen,5. 12. 2020,1,1,1,1,1,1
Musik,5. 12. 2020,1,1,1,1,1,1
Kolumnen,24. 12. 2020,1,1,1,1,1,1
Kolumnen,23. 7. 2020,1,1,1,1,1,1
Kolumnen,11. 12. 2020,1,1,1,1,1,1
Kolumnen,11. 6. 2020,1,1,1,1,1,1
Kolumnen,12. 12. 2020,1,1,1,1,1,1
Kolumnen,12. 9. 2020,1,1,1,1,1,1
Kolumnen,13. 11. 2020,1,1,1,1,1,1
Kolumnen,13. 12. 2020,1,1,1,1,1,1
Kolumnen,14. 12. 2020,1,1,1,1,1,1
Kolumnen,15. 12. 2020,1,1,1,1,1,1
Kolumnen,16. 8. 2020,1,1,1,1,1,1
Kolumnen,17. 11. 2020,1,1,1,1,1,1
Kolumnen,17. 12. 2020,1,1,1,1,1,1
Kolumnen,24. 11. 2020,1,1,1,1,1,1
Kolumnen,18. 10. 2020,1,1,1,1,1,1
Kolumnen,18. 7. 2020,1,1,1,1,1,1
Kolumnen,19. 11. 2020,1,1,1,1,1,1
Kolumnen,2. 12. 2020,1,1,1,1,1,1
Kolumnen,20. 11. 2020,1,1,1,1,1,1
Kolumnen,20. 7. 2020,1,1,1,1,1,1
Kolumnen,20. 9. 2020,1,1,1,1,1,1
Kolumnen,21. 11. 2020,1,1,1,1,1,1
Kolumnen,21. 12. 2020,1,1,1,1,1,1
Kolumnen,21. 7. 2020,1,1,1,1,1,1
Kolumnen,21. 9. 2020,1,1,1,1,1,1
Kolumnen,23. 11. 2020,1,1,1,1,1,1
Kolumnen,18. 12. 2020,1,1,1,1,1,1
Film,31. 10. 2020,1,1,1,1,1,1
Musik,6. 12. 2020,1,1,1,1,1,1
Musik,9. 12. 2020,1,1,1,1,1,1
Verkehr,9. 12. 2020,1,1,1,1,1,1
Wissenschaft,1. 11. 2020,1,1,1,1,1,1
Wissenschaft,12. 11. 2020,1,1,1,1,1,1
Wissenschaft,12. 12. 2020,1,1,1,1,1,1
Wissenschaft,13. 11. 2020,1,1,1,1,1,1
Wissenschaft,14. 10. 2020,1,1,1,1,1,1
Wissenschaft,14. 11. 2020,1,1,1,1,1,1
Wissenschaft,15. 11. 2020,1,1,1,1,1,1
Wissenschaft,16. 11. 2020,1,1,1,1,1,1
Wissenschaft,16. 6. 2016,1,1,1,1,1,1
Wissenschaft,19. 4. 2018,1,1,1,1,1,1
Wissenschaft,20. 12. 2020,1,1,1,1,1,1
Wissenschaft,21. 10. 2020,1,1,1,1,1,1
Wissenschaft,23. 11. 2020,1,1,1,1,1,1
Wissenschaft,23. 12. 2020,1,1,1,1,1,1
Wissenschaft,24. 10. 2020,1,1,1,1,1,1
Wissenschaft,24. 11. 2020,1,1,1,1,1,1
Wissenschaft,26. 11. 2020,1,1,1,1,1,1
Wissenschaft,27. 9. 2018,1,1,1,1,1,1
Wissenschaft,29. 10. 2020,1,1,1,1,1,1
Wissenschaft,29. 11. 2020,1,1,1,1,1,1
Wissenschaft,3. 11. 2020,1,1,1,1,1,1
Wissenschaft,3. 12. 2020,1,1,1,1,1,1
Verkehr,8. 12. 2020,1,1,1,1,1,1
Verkehr,7. 10. 2020,1,1,1,1,1,1
Verkehr,6. 11. 2020,1,1,1,1,1,1
Verkehr,31. 10. 2020,1,1,1,1,1,1
Tom über die Wahrheit,13. 5. 2020,1,1,1,1,1,1
Tom über die Wahrheit,19. 10. 2020,1,1,1,1,1,1
Tom über die Wahrheit,21. 11. 2020,1,1,1,1,1,1
Tom über die Wahrheit,5. 3. 2019,1,1,1,1,1,1
Tom über die Wahrheit,6. 10. 2020,1,1,1,1,1,1
Tom über die Wahrheit,9. 9. 2020,1,1,1,1,1,1
Verkehr,1. 12. 2020,1,1,1,1,1,1
Verkehr,1. 3. 2018,1,1,1,1,1,1
Verkehr,10. 11. 2020,1,1,1,1,1,1
Verkehr,11. 11. 2020,1,1,1,1,1,1
Verkehr,13. 12. 2020,1,1,1,1,1,1
Wissenschaft,5. 12. 2020,1,1,1,1,1,1
Verkehr,14. 11. 2020,1,1,1,1,1,1
Verkehr,2. 12. 2020,1,1,1,1,1,1
Verkehr,21. 9. 2020,1,1,1,1,1,1
Verkehr,24. 11. 2020,1,1,1,1,1,1
Verkehr,24. 12. 2020,1,1,1,1,1,1
Verkehr,25. 12. 2020,1,1,1,1,1,1
Verkehr,26. 11. 2020,1,1,1,1,1,1
Verkehr,27. 11. 2020,1,1,1,1,1,1
Verkehr,28. 10. 2020,1,1,1,1,1,1
Verkehr,29. 12. 2020,1,1,1,1,1,1
Verkehr,3. 11. 2020,1,1,1,1,1,1
Verkehr,30. 11. 2020,1,1,1,1,1,1
Verkehr,18. 11. 2020,1,1,1,1,1,1
Tom über die Wahrheit,13. 11. 2020,1,1,1,1,1,1
Wissenschaft,7. 12. 2019,1,1,1,1,1,1
Wissenschaft,9. 12. 2020,1,1,1,1,1,1
Ökonomie,14. 7. 2020,1,1,1,1,1,1
Ökonomie,15. 12. 2020,1,1,1,1,1,1
Ökonomie,16. 3. 2020,1,1,1,1,1,1
Ökonomie,18. 11. 2020,1,1,1,1,1,1
Ökonomie,19. 12. 2020,1,1,1,1,1,1
Ökonomie,21. 11. 2020,1,1,1,1,1,1
Ökonomie,22. 11. 2020,1,1,1,1,1,1
Ökonomie,22. 12. 2020,1,1,1,1,1,1
Ökonomie,23. 11. 2020,1,1,1,1,1,1
Ökonomie,23. 12. 2020,1,1,1,1,1,1
Ökonomie,27. 8. 2020,1,1,1,1,1,1
Ökonomie,28. 10. 2020,1,1,1,1,1,1
Ökonomie,28. 12. 2020,1,1,1,1,1,1
Ökonomie,29. 11. 2020,1,1,1,1,1,1
Ökonomie,29. 12. 2020,1,1,1,1,1,1
Ökonomie,3. 7. 2020,1,1,1,1,1,1
Ökonomie,30. 10. 2020,1,1,1,1,1,1
Ökonomie,31. 10. 2019,1,1,1,1,1,1
Ökonomie,6. 12. 2020,1,1,1,1,1,1
Ökonomie,7. 10. 2020,1,1,1,1,1,1
Ökonomie,8. 11. 2019,1,1,1,1,1,1
Ökonomie,8. 12. 2020,1,1,1,1,1,1
Ökonomie,8. 7. 2020,1,1,1,1,1,1
Ökonomie,12. 12. 2020,1,1,1,1,1,1
Ökonomie,11. 12. 2019,1,1,1,1,1,1
Ökologie,8. 11. 2020,1,1,1,1,1,1
Ökologie,7. 9. 2020,1,1,1,1,1,1
Ökologie,1. 11. 2019,1,1,1,1,1,1
Ökologie,1. 11. 2020,1,1,1,1,1,1
Ökologie,10. 12. 2020,1,1,1,1,1,1
Ökologie,12. 12. 2020,1,1,1,1,1,1
Ökologie,13. 10. 2020,1,1,1,1,1,1
Ökologie,14. 3. 2020,1,1,1,1,1,1
Ökologie,15. 4. 2020,1,1,1,1,1,1
Ökologie,16. 12. 2020,1,1,1,1,1,1
Ökologie,19. 5. 2020,1,1,1,1,1,1
Ökologie,20. 11. 2020,1,1,1,1,1,1
Ökologie,22. 1. 2020,1,1,1,1,1,1
Wissenschaft,9. 11. 2020,1,1,1,1,1,1
Ökologie,22. 11. 2020,1,1,1,1,1,1
Ökologie,26. 12. 2020,1,1,1,1,1,1
Ökologie,27. 10. 2020,1,1,1,1,1,1
Ökologie,29. 11. 2020,1,1,1,1,1,1
Ökologie,3. 11. 2020,1,1,1,1,1,1
Ökologie,3. 9. 2020,1,1,1,1,1,1
Ökologie,30. 11. 2020,1,1,1,1,1,1
Ökologie,30. 12. 2020,1,1,1,1,1,1
Ökologie,31. 1. 2019,1,1,1,1,1,1
Ökologie,4. 9. 2020,1,1,1,1,1,1
Ökologie,5. 12. 2020,1,1,1,1,1,1
Ökologie,6. 12. 2020,1,1,1,1,1,1
Ökologie,23. 11. 2020,1,1,1,1,1,1
Tom über die Wahrheit,13. 10. 2020,1,1,1,1,1,1
Reise,6. 12. 2020,1,1,1,1,1,1
Reise,5. 4. 2020,1,1,1,1,1,1
Netzkultur,22. 12. 2020,1,1,1,1,1,1
Netzkultur,22. 7. 2020,1,1,1,1,1,1
Netzkultur,22. 9. 2020,1,1,1,1,1,1
Netzkultur,23. 3. 2020,1,1,1,1,1,1
Netzkultur,24. 11. 2020,1,1,1,1,1,1
Netzkultur,24. 6. 2020,1,1,1,1,1,1
Netzkultur,25. 3. 2020,1,1,1,1,1,1
Netzkultur,28. 10. 2020,1,1,1,1,1,1
Netzkultur,28. 12. 2020,1,1,1,1,1,1
Netzkultur,29. 4. 2020,1,1,1,1,1,1
Netzkultur,29. 7. 2020,1,1,1,1,1,1
Netzkultur,30. 3. 2020,1,1,1,1,1,1
Netzkultur,31. 8. 2020,1,1,1,1,1,1
Netzkultur,6. 7. 2020,1,1,1,1,1,1
Netzkultur,6. 8. 2020,1,1,1,1,1,1
Netzkultur,8. 7. 2020,1,1,1,1,1,1
Netzpolitik,1. 7. 2020,1,1,1,1,1,1
Netzpolitik,1. 9. 2020,1,1,1,1,1,1
Netzpolitik,10. 11. 2020,1,1,1,1,1,1
Netzpolitik,10. 12. 2020,1,1,1,1,1,1
Netzpolitik,11. 7. 2020,1,1,1,1,1,1
Netzpolitik,12. 8. 2020,1,1,1,1,1,1
Netzpolitik,13. 11. 2020,1,1,1,1,1,1
Netzkultur,21. 9. 2020,1,1,1,1,1,1
Netzkultur,20. 7. 2020,1,1,1,1,1,1
Netzkultur,20. 5. 2020,1,1,1,1,1,1
Netzkultur,18. 7. 2019,1,1,1,1,1,1
Musik,9. 7. 2020,1,1,1,1,1,1
Nahost,10. 11. 2020,1,1,1,1,1,1
Nahost,11. 11. 2020,1,1,1,1,1,1
Nahost,14. 12. 2020,1,1,1,1,1,1
Nahost,15. 12. 2020,1,1,1,1,1,1
Nahost,16. 12. 2020,1,1,1,1,1,1
Nahost,18. 12. 2020,1,1,1,1,1,1
Nahost,19. 11. 2020,1,1,1,1,1,1
Nahost,21. 12. 2020,1,1,1,1,1,1
Nahost,22. 12. 2020,1,1,1,1,1,1
Nahost,23. 10. 2020,1,1,1,1,1,1
Netzpolitik,14. 6. 2019,1,1,1,1,1,1
Nahost,25. 10. 2020,1,1,1,1,1,1
Nahost,27. 10. 2020,1,1,1,1,1,1
Nahost,28. 11. 2020,1,1,1,1,1,1
Nahost,29. 12. 2020,1,1,1,1,1,1
Nahost,3. 11. 2020,1,1,1,1,1,1
Nahost,3. 12. 2020,1,1,1,1,1,1
Nahost,30. 11. 2020,1,1,1,1,1,1
Netzkultur,10. 11. 2020,1,1,1,1,1,1
Netzkultur,10. 6. 2020,1,1,1,1,1,1
Netzkultur,10. 8. 2020,1,1,1,1,1,1
Netzkultur,11. 4. 2020,1,1,1,1,1,1
Netzkultur,16. 6. 2020,1,1,1,1,1,1
Nahost,26. 10. 2020,1,1,1,1,1,1
Netzpolitik,16. 7. 2020,1,1,1,1,1,1
Netzpolitik,2. 11. 2020,1,1,1,1,1,1
Netzpolitik,2. 12. 2020,1,1,1,1,1,1
Netzökonomie,25. 8. 2020,1,1,1,1,1,1
Netzökonomie,27. 9. 2020,1,1,1,1,1,1
Netzökonomie,28. 10. 2020,1,1,1,1,1,1
Netzökonomie,29. 10. 2020,1,1,1,1,1,1
Netzökonomie,6. 9. 2020,1,1,1,1,1,1
Netzökonomie,7. 4. 2020,1,1,1,1,1,1
Netzökonomie,9. 11. 2020,1,1,1,1,1,1
Netzökonomie,9. 12. 2020,1,1,1,1,1,1
Reise,10. 10. 2020,1,1,1,1,1,1
Reise,15. 12. 2020,1,1,1,1,1,1
Reise,16. 3. 2019,1,1,1,1,1,1
Netzökonomie,25. 10. 2020,1,1,1,1,1,1
Reise,17. 10. 2020,1,1,1,1,1,1
Reise,19. 12. 2020,1,1,1,1,1,1
Reise,2. 11. 2020,1,1,1,1,1,1
Reise,2. 4. 2018,1,1,1,1,1,1
Reise,20. 12. 2020,1,1,1,1,1,1
Reise,20. 9. 2020,1,1,1,1,1,1
Reise,24. 12. 2020,1,1,1,1,1,1
Reise,28. 9. 2020,1,1,1,1,1,1
Reise,29. 9. 2020,1,1,1,1,1,1
Reise,3. 10. 2020,1,1,1,1,1,1
Reise,3. 9. 2020,1,1,1,1,1,1
Reise,5. 12. 2020,1,1,1,1,1,1
Reise,17. 11. 2020,1,1,1,1,1,1
Musik,8. 11. 2020,1,1,1,1,1,1
Netzökonomie,23. 9. 2020,1,1,1,1,1,1
Netzökonomie,21. 9. 2020,1,1,1,1,1,1
Netzpolitik,2. 5. 2020,1,1,1,1,1,1
Netzpolitik,23. 7. 2020,1,1,1,1,1,1
Netzpolitik,26. 10. 2020,1,1,1,1,1,1
Netzpolitik,28. 8. 2020,1,1,1,1,1,1
Netzpolitik,29. 12. 2020,1,1,1,1,1,1
Netzpolitik,29. 6. 2020,1,1,1,1,1,1
Netzpolitik,3. 7. 2020,1,1,1,1,1,1
Netzpolitik,4. 12. 2020,1,1,1,1,1,1
Netzpolitik,4. 8. 2020,1,1,1,1,1,1
Netzpolitik,6. 8. 2020,1,1,1,1,1,1
Netzpolitik,7. 8. 2020,1,1,1,1,1,1
Netzökonomie,22. 11. 2020,1,1,1,1,1,1
Netzpolitik,9. 11. 2020,1,1,1,1,1,1
Netzökonomie,1. 11. 2020,1,1,1,1,1,1
Netzökonomie,11. 12. 2020,1,1,1,1,1,1
Netzökonomie,11. 9. 2020,1,1,1,1,1,1
Netzökonomie,15. 12. 2020,1,1,1,1,1,1
Netzökonomie,15. 2. 2019,1,1,1,1,1,1
Netzökonomie,17. 8. 2020,1,1,1,1,1,1
Netzökonomie,18. 11. 2019,1,1,1,1,1,1
Netzökonomie,18. 8. 2020,1,1,1,1,1,1
Netzökonomie,2. 9. 2020,1,1,1,1,1,1
Netzökonomie,20. 9. 2020,1,1,1,1,1,1
Netzökonomie,21. 10. 2020,1,1,1,1,1,1
Netzpolitik,9. 12. 2020,1,1,1,1,1,1
Film,30. 10. 2020,1,1,1,1,1,1
Kolumnen,17. 10. 2020,1,1,1,1,1,1
Film,29. 9. 2020,1,1,1,1,1,1
Bildung,28. 11. 2020,1,1,1,1,1,1
Bildung,3. 11. 2020,1,1,1,1,1,1
Bildung,3. 12. 2020,1,1,1,1,1,1
Bildung,30. 12. 2020,1,1,1,1,1,1
Bildung,30. 9. 2020,1,1,1,1,1,1
Bildung,4. 12. 2020,1,1,1,1,1,1
Bildung,7. 10. 2020,1,1,1,1,1,1
Bildung,8. 12. 2020,1,1,1,1,1,1
Bildung,9. 11. 2020,1,1,1,1,1,1
Bildung,27. 10. 2020,1,1,1,1,1,1
Bildung,9. 12. 2020,1,1,1,1,1,1
Bremen,11. 11. 2020,1,1,1,1,1,1
Bremen,12. 12. 2019,1,1,1,1,1,1
Bremen,14. 11. 2020,1,1,1,1,1,1
Bremen,24. 11. 2020,1,1,1,1,1,1
Bremen,25. 1. 2020,1,1,1,1,1,1
Bremen,3. 12. 2020,1,1,1,1,1,1
Bremen,30. 11. 2020,1,1,1,1,1,1
Bremen,4. 12. 2020,1,1,1,1,1,1
Buch,1. 11. 2020,1,1,1,1,1,1
Bremen,1. 12. 2020,1,1,1,1,1,1
Bildung,24. 9. 2020,1,1,1,1,1,1
Bildung,24. 10. 2020,1,1,1,1,1,1
Bildung,22. 12. 2020,1,1,1,1,1,1
Asien,24. 11. 2020,1,1,1,1,1,1
Asien,25. 12. 2020,1,1,1,1,1,1
Asien,26. 8. 2020,1,1,1,1,1,1
Asien,27. 11. 2020,1,1,1,1,1,1
Asien,28. 12. 2020,1,1,1,1,1,1
Asien,3. 12. 2020,1,1,1,1,1,1
Asien,30. 11. 2020,1,1,1,1,1,1
Asien,31. 12. 2020,1,1,1,1,1,1
Asien,4. 12. 2020,1,1,1,1,1,1
Asien,6. 9. 2020,1,1,1,1,1,1
Asien,7. 12. 2020,1,1,1,1,1,1
Bildung,13. 10. 2020,1,1,1,1,1,1
Bildung,13. 11. 2020,1,1,1,1,1,1
Bildung,14. 11. 2020,1,1,1,1,1,1
Bildung,15. 12. 2020,1,1,1,1,1,1
Bildung,16. 11. 2020,1,1,1,1,1,1
Bildung,16. 12. 2020,1,1,1,1,1,1
Bildung,17. 10. 2020,1,1,1,1,1,1
Bildung,18. 11. 2020,1,1,1,1,1,1
Bildung,2. 12. 2020,1,1,1,1,1,1
Bildung,20. 10. 2020,1,1,1,1,1,1
Buch,10. 12. 2019,1,1,1,1,1,1
Buch,10. 12. 2020,1,1,1,1,1,1
Buch,10. 5. 2019,1,1,1,1,1,1
Buch,11. 10. 2020,1,1,1,1,1,1
Buch,31. 7. 2018,1,1,1,1,1,1
Buch,7. 12. 2020,1,1,1,1,1,1
Buch,8. 12. 2020,1,1,1,1,1,1
Buch,9. 8. 2020,1,1,1,1,1,1
Debatte,10. 11. 2020,1,1,1,1,1,1
Debatte,11. 12. 2020,1,1,1,1,1,1
Debatte,12. 12. 2020,1,1,1,1,1,1
Debatte,14. 10. 2020,1,1,1,1,1,1
Debatte,17. 11. 2020,1,1,1,1,1,1
Debatte,19. 12. 2020,1,1,1,1,1,1
Debatte,2. 11. 2020,1,1,1,1,1,1
Debatte,21. 11. 2020,1,1,1,1,1,1
Debatte,22. 12. 2020,1,1,1,1,1,1
Debatte,23. 12. 2020,1,1,1,1,1,1
Debatte,25. 12. 2020,1,1,1,1,1,1
Debatte,27. 12. 2020,1,1,1,1,1,1
Debatte,27. 4. 2020,1,1,1,1,1,1
Debatte,28. 11. 2020,1,1,1,1,1,1
Debatte,30. 10. 2020,1,1,1,1,1,1
Debatte,6. 12. 2020,1,1,1,1,1,1
Debatte,7. 11. 2020,1,1,1,1,1,1
Buch,30. 12. 2020,1,1,1,1,1,1
Asien,23. 12. 2020,1,1,1,1,1,1
Buch,30. 10. 2015,1,1,1,1,1,1
Buch,29. 11. 2020,1,1,1,1,1,1
Buch,11. 3. 2017,1,1,1,1,1,1
Buch,12. 12. 2020,1,1,1,1,1,1
Buch,14. 11. 2020,1,1,1,1,1,1
Buch,15. 10. 2020,1,1,1,1,1,1
Buch,15. 12. 2020,1,1,1,1,1,1
Buch,16. 11. 2020,1,1,1,1,1,1
Buch,18. 11. 2020,1,1,1,1,1,1
Buch,18. 9. 2020,1,1,1,1,1,1
Buch,19. 11. 2020,1,1,1,1,1,1
Buch,19. 6. 2019,1,1,1,1,1,1
Buch,2. 12. 2020,1,1,1,1,1,1
Buch,20. 1. 2018,1,1,1,1,1,1
Buch,20. 11. 2020,1,1,1,1,1,1
Buch,20. 12. 2020,1,1,1,1,1,1
Buch,21. 12. 2020,1,1,1,1,1,1
Buch,23. 11. 2020,1,1,1,1,1,1
Buch,24. 12. 2020,1,1,1,1,1,1
Buch,25. 11. 2020,1,1,1,1,1,1
Buch,26. 12. 2020,1,1,1,1,1,1
Buch,28. 10. 2020,1,1,1,1,1,1
Buch,28. 11. 2020,1,1,1,1,1,1
Buch,3. 12. 2020,1,1,1,1,1,1
Asien,22. 3. 2020,1,1,1,1,1,1
Asien,22. 12. 2020,1,1,1,1,1,1
Asien,21. 11. 2020,1,1,1,1,1,1
Alltag,1. 8. 2019,1,1,1,1,1,1
Alltag,10. 12. 2020,1,1,1,1,1,1
Alltag,12. 10. 2020,1,1,1,1,1,1
Alltag,12. 4. 2020,1,1,1,1,1,1
Alltag,14. 10. 2020,1,1,1,1,1,1
Alltag,14. 12. 2020,1,1,1,1,1,1
Alltag,16. 3. 2018,1,1,1,1,1,1
Alltag,19. 10. 2020,1,1,1,1,1,1
Alltag,19. 12. 2020,1,1,1,1,1,1
Alltag,2. 10. 2020,1,1,1,1,1,1
Alltag,2. 9. 2020,1,1,1,1,1,1
Alltag,20. 11. 2020,1,1,1,1,1,1
Alltag,21. 1. 2016,1,1,1,1,1,1
Alltag,22. 12. 2020,1,1,1,1,1,1
Alltag,22. 5. 2020,1,1,1,1,1,1
Alltag,26. 3. 2020,1,1,1,1,1,1
Alltag,27. 4. 2017,1,1,1,1,1,1
Alltag,28. 11. 2020,1,1,1,1,1,1
Alltag,28. 12. 2019,1,1,1,1,1,1
Alltag,29. 11. 2020,1,1,1,1,1,1
Alltag,30. 11. 2020,1,1,1,1,1,1
Afrika,5. 12. 2020,1,1,1,1,1,1
Alltag,30. 12. 2020,1,1,1,1,1,1
Afrika,4. 12. 2020,1,1,1,1,1,1
Afrika,29. 1. 2020,1,1,1,1,1,1
Afrika,12. 10. 2020,1,1,1,1,1,1
Afrika,13. 12. 2020,1,1,1,1,1,1
Afrika,15. 11. 2020,1,1,1,1,1,1
Afrika,15. 12. 2020,1,1,1,1,1,1
Afrika,15. 9. 2020,1,1,1,1,1,1
Afrika,16. 4. 2020,1,1,1,1,1,1
Afrika,17. 11. 2020,1,1,1,1,1,1
Afrika,19. 10. 2020,1,1,1,1,1,1
Afrika,2. 11. 2020,1,1,1,1,1,1
Afrika,21. 10. 2020,1,1,1,1,1,1
Afrika,21. 11. 2020,1,1,1,1,1,1
Afrika,21. 12. 2020,1,1,1,1,1,1
Afrika,22. 6. 2020,1,1,1,1,1,1
Afrika,23. 10. 2020,1,1,1,1,1,1
Afrika,24. 12. 2020,1,1,1,1,1,1
Afrika,25. 12. 2020,1,1,1,1,1,1
Afrika,26. 10. 2020,1,1,1,1,1,1
Afrika,26. 4. 2020,1,1,1,1,1,1
Afrika,27. 12. 2020,1,1,1,1,1,1
Afrika,27. 7. 2020,1,1,1,1,1,1
Afrika,28. 11. 2020,1,1,1,1,1,1
Afrika,3. 12. 2020,1,1,1,1,1,1
Debatte,8. 11. 2020,1,1,1,1,1,1
Alltag,4. 12. 2020,1,1,1,1,1,1
Alltag,5. 12. 2020,1,1,1,1,1,1
Arbeit,18. 11. 2020,1,1,1,1,1,1
Arbeit,19. 11. 2020,1,1,1,1,1,1
Arbeit,19. 9. 2020,1,1,1,1,1,1
Arbeit,20. 11. 2020,1,1,1,1,1,1
Arbeit,21. 10. 2020,1,1,1,1,1,1
Arbeit,21. 12. 2020,1,1,1,1,1,1
Arbeit,24. 8. 2020,1,1,1,1,1,1
Arbeit,25. 10. 2020,1,1,1,1,1,1
Arbeit,26. 11. 2020,1,1,1,1,1,1
Arbeit,27. 11. 2020,1,1,1,1,1,1
Arbeit,27. 8. 2020,1,1,1,1,1,1
Arbeit,29. 9. 2020,1,1,1,1,1,1
Arbeit,4. 11. 2020,1,1,1,1,1,1
Arbeit,7. 10. 2020,1,1,1,1,1,1
Asien,1. 12. 2020,1,1,1,1,1,1
Asien,10. 11. 2020,1,1,1,1,1,1
Asien,11. 11. 2020,1,1,1,1,1,1
Asien,14. 12. 2020,1,1,1,1,1,1
Asien,17. 12. 2020,1,1,1,1,1,1
Asien,19. 11. 2020,1,1,1,1,1,1
Asien,2. 12. 2020,1,1,1,1,1,1
Arbeit,17. 8. 2020,1,1,1,1,1,1
Alltag,5. 12. 2019,1,1,1,1,1,1
Arbeit,14. 11. 2020,1,1,1,1,1,1
Amerika,8. 12. 2020,1,1,1,1,1,1
Alltag,9. 12. 2020,1,1,1,1,1,1
Amerika,1. 12. 2020,1,1,1,1,1,1
Amerika,10. 12. 2020,1,1,1,1,1,1
Amerika,12. 12. 2020,1,1,1,1,1,1
Amerika,16. 11. 2020,1,1,1,1,1,1
Amerika,16. 12. 2020,1,1,1,1,1,1
Amerika,18. 11. 2020,1,1,1,1,1,1
Amerika,2. 12. 2020,1,1,1,1,1,1
Amerika,20. 11. 2020,1,1,1,1,1,1
Amerika,20. 12. 2020,1,1,1,1,1,1
Amerika,20. 2. 2020,1,1,1,1,1,1
Amerika,20. 8. 2020,1,1,1,1,1,1
Amerika,21. 12. 2020,1,1,1,1,1,1
Amerika,22. 12. 2020,1,1,1,1,1,1
Amerika,23. 11. 2020,1,1,1,1,1,1
Amerika,24. 12. 2020,1,1,1,1,1,1
Amerika,29. 11. 2020,1,1,1,1,1,1
Amerika,3. 12. 2020,1,1,1,1,1,1
Amerika,30. 12. 2020,1,1,1,1,1,1
Amerika,30. 9. 2020,1,1,1,1,1,1
Amerika,6. 12. 2020,1,1,1,1,1,1
Amerika,9. 12. 2020,1,1,1,1,1,1
Debatte,9. 11. 2020,1,1,1,1,1,1
Bremen,27. 11. 2020,1,1,1,1,1,1
Ökonomie,9. 4. 2020,1,1,1,1,1,1
Deutschland,20. 11. 2020,1,1,1,1,1,1
Deutschland,20. 11. 2019,1,1,1,1,1,1
Deutschland,2. 3. 2020,1,1,1,1,1,1
Deutschland,6. 11. 2020,1,1,1,1,1,1
Deutschland,7. 11. 2020,1,1,1,1,1,1
Deutschland,19. 8. 2020,1,1,1,1,1,1
Deutschland,29. 10. 2020,1,1,1,1,1,1
Film,1. 11. 2020,1,1,1,1,1,1
Deutschland,9. 11. 2020,1,1,1,1,1,1
Deutschland,19. 11. 2020,1,1,1,1,1,1
Film,11. 12. 2020,1,1,1,1,1,1
Deutschland,19. 10. 2020,1,1,1,1,1,1
Film,12. 11. 2020,1,1,1,1,1,1
Europa,10. 11. 2020,1,1,1,1,1,1
Europa,11. 11. 2020,1,1,1,1,1,1
Europa,25. 2. 2016,1,1,1,1,1,1
Europa,26. 10. 2020,1,1,1,1,1,1
Europa,27. 9. 2020,1,1,1,1,1,1
Europa,28. 10. 2020,1,1,1,1,1,1
Film,1. 10. 2020,1,1,1,1,1,1
Deutschland,28. 9. 2020,1,1,1,1,1,1
Deutschland,28. 4. 2020,1,1,1,1,1,1
Deutschland,27. 6. 2020,1,1,1,1,1,1
Europa,4. 11. 2015,1,1,1,1,1,1
Europa,5. 10. 2020,1,1,1,1,1,1
Deutschland,30. 1. 2020,1,1,1,1,1,1
Deutschland,24. 11. 2020,1,1,1,1,1,1
Deutschland,30. 10. 2020,1,1,1,1,1,1
Deutschland,23. 9. 2020,1,1,1,1,1,1
Deutschland,23. 12. 2020,1,1,1,1,1,1
Europa,29. 11. 2020,1,1,1,1,1,1
Deutschland,23. 11. 2020,1,1,1,1,1,1
Deutschland,23. 11. 2019,1,1,1,1,1,1
Europa,6. 9. 2020,1,1,1,1,1,1
Europa,28. 11. 2020,1,1,1,1,1,1
Deutschland,4. 11. 2020,1,1,1,1,1,1
Deutschland,20. 12. 2020,1,1,1,1,1,1
Film,13. 2. 2020,1,1,1,1,1,1
Film,16. 12. 2020,1,1,1,1,1,1
Europa,26. 9. 2019,1,1,1,1,1,1
Europa,24. 5. 2020,1,1,1,1,1,1
Deutschland,15. 8. 2020,1,1,1,1,1,1
Deutschland,12. 5. 2020,1,1,1,1,1,1
Film,19. 11. 2020,1,1,1,1,1,1
Film,26. 11. 2020,1,1,1,1,1,1
Deutschland,10. 8. 2020,1,1,1,1,1,1
Film,25. 12. 2020,1,1,1,1,1,1
Film,27. 11. 2020,1,1,1,1,1,1
Europa,17. 11. 2020,1,1,1,1,1,1
Europa,14. 12. 2020,1,1,1,1,1,1
Film,2. 5. 2020,1,1,1,1,1,1
Europa,19. 5. 2020,1,1,1,1,1,1
Film,21. 10. 2020,1,1,1,1,1,1
Europa,19. 11. 2020,1,1,1,1,1,1
Deutschland,13. 10. 2020,1,1,1,1,1,1
Europa,2. 9. 2020,1,1,1,1,1,1
Deutschland,15. 9. 2020,1,1,1,1,1,1
Film,22. 12. 2020,1,1,1,1,1,1
Deutschland,17. 11. 2020,1,1,1,1,1,1
Film,18. 12. 2020,1,1,1,1,1,1
Europa,12. 3. 2020,1,1,1,1,1,1
Europa,24. 4. 2020,1,1,1,1,1,1
Deutschland,17. 10. 2020,1,1,1,1,1,1
Film,28. 10. 2020,1,1,1,1,1,1
Deutschland,16. 10. 2020,1,1,1,1,1,1
Europa,11. 4. 2020,1,1,1,1,1,1
Film,27. 6. 2020,1,1,1,1,1,1
Tom über die Wahrheit,19. 11. 2020,2,2,2,2,2,2
Tom über die Wahrheit,17. 11. 2020,2,2,2,2,2,2
Gesundheit,30. 11. 2020,2,2,2,2,2,2
Asien,15. 11. 2020,2,2,2,2,2,2
Amerika,21. 11. 2020,2,2,2,2,2,2
Amerika,19. 12. 2020,2,2,2,2,2,2
Tom über die Wahrheit,18. 11. 2020,2,2,2,2,2,2
Asien,16. 12. 2020,2,2,2,2,2,2
Tom über die Wahrheit,24. 11. 2020,2,2,2,2,2,2
Tom über die Wahrheit,20. 11. 2020,2,2,2,2,2,2
Tom über die Wahrheit,30. 11. 2020,2,2,2,2,2,2
Tom über die Wahrheit,3. 12. 2020,2,2,2,2,2,2
Gesundheit,4. 12. 2020,2,2,2,2,2,2
Tom über die Wahrheit,27. 11. 2020,2,2,2,2,2,2
Tom über die Wahrheit,26. 11. 2020,2,2,2,2,2,2
Europa,18. 12. 2020,2,2,2,2,2,2
Tom über die Wahrheit,23. 9. 2020,2,2,2,2,2,2
Tom über die Wahrheit,25. 11. 2020,2,2,2,2,2,2
Tom über die Wahrheit,2. 12. 2020,2,2,2,2,2,2
Tom über die Wahrheit,23. 11. 2020,2,2,2,2,2,2
Amerika,27. 11. 2020,2,2,2,2,2,2
Europa,28. 12. 2020,2,2,2,2,2,2
Arbeit,23. 9. 2020,2,2,2,2,2,2
Hamburg,27. 11. 2020,2,2,2,2,2,2
Arbeit,18. 8. 2020,2,2,2,2,2,2
Künste,19. 11. 2020,2,2,2,2,2,2
Netzökonomie,30. 9. 2020,2,2,2,2,2,2
Netzökonomie,18. 9. 2020,2,2,2,2,2,2
Netzökonomie,4. 11. 2020,2,2,2,2,2,2
Netzökonomie,5. 10. 2020,2,2,2,2,2,2
Arbeit,26. 8. 2020,2,2,2,2,2,2
Europa,26. 12. 2020,2,2,2,2,2,2
Amerika,7. 12. 2020,2,2,2,2,2,2
Reise,15. 9. 2020,2,2,2,2,2,2
Tom über die Wahrheit,1. 12. 2020,2,2,2,2,2,2
Amerika,5. 12. 2020,2,2,2,2,2,2
Reise,17. 12. 2020,2,2,2,2,2,2
Netzökonomie,16. 12. 2020,2,2,2,2,2,2
Netzökonomie,14. 9. 2020,2,2,2,2,2,2
Europa,20. 11. 2020,2,2,2,2,2,2
Hamburg,19. 11. 2020,2,2,2,2,2,2
Asien,10. 12. 2020,2,2,2,2,2,2
Reise,23. 11. 2020,2,2,2,2,2,2
Amerika,28. 11. 2020,2,2,2,2,2,2
Asien,12. 11. 2020,2,2,2,2,2,2
Europa,25. 12. 2020,2,2,2,2,2,2
Amerika,25. 11. 2020,2,2,2,2,2,2
Amerika,23. 12. 2020,2,2,2,2,2,2
Amerika,4. 12. 2020,2,2,2,2,2,2
Amerika,18. 12. 2020,2,2,2,2,2,2
Alltag,27. 12. 2020,2,2,2,2,2,2
Verkehr,17. 11. 2020,2,2,2,2,2,2
Ökonomie,11. 12. 2020,2,2,2,2,2,2
Ökologie,9. 12. 2020,2,2,2,2,2,2
Film,17. 11. 2020,2,2,2,2,2,2
Fußball,26. 11. 2020,2,2,2,2,2,2
Film,13. 12. 2020,2,2,2,2,2,2
Fußball,27. 11. 2020,2,2,2,2,2,2
Afrika,29. 12. 2020,2,2,2,2,2,2
Ökologie,27. 11. 2020,2,2,2,2,2,2
Ökologie,26. 11. 2020,2,2,2,2,2,2
Ökologie,22. 12. 2020,2,2,2,2,2,2
Afrika,7. 12. 2020,2,2,2,2,2,2
Afrika,9. 12. 2020,2,2,2,2,2,2
Ökologie,21. 11. 2020,2,2,2,2,2,2
Ökologie,2. 12. 2020,2,2,2,2,2,2
Fußball,31. 10. 2020,2,2,2,2,2,2
Film,18. 11. 2020,2,2,2,2,2,2
Ökologie,18. 12. 2020,2,2,2,2,2,2
Ökonomie,14. 12. 2020,2,2,2,2,2,2
Afrika,23. 12. 2020,2,2,2,2,2,2
Afrika,14. 12. 2020,2,2,2,2,2,2
Film,25. 11. 2020,2,2,2,2,2,2
Film,24. 11. 2020,2,2,2,2,2,2
Afrika,18. 12. 2020,2,2,2,2,2,2
Afrika,19. 11. 2020,2,2,2,2,2,2
Ökonomie,27. 12. 2020,2,2,2,2,2,2
Ökonomie,27. 11. 2020,2,2,2,2,2,2
Afrika,2. 12. 2020,2,2,2,2,2,2
Film,9. 12. 2020,2,2,2,2,2,2
Film,2. 12. 2020,2,2,2,2,2,2
Afrika,22. 11. 2020,2,2,2,2,2,2
Ökonomie,20. 11. 2020,2,2,2,2,2,2
Ökonomie,2. 12. 2020,2,2,2,2,2,2
Ökonomie,18. 12. 2020,2,2,2,2,2,2
Ökonomie,17. 12. 2020,2,2,2,2,2,2
Afrika,24. 11. 2020,2,2,2,2,2,2
Gesundheit,29. 12. 2020,2,2,2,2,2,2
Ökologie,17. 12. 2020,2,2,2,2,2,2
Alltag,11. 12. 2020,2,2,2,2,2,2
Alltag,26. 11. 2020,2,2,2,2,2,2
Gesundheit,2. 12. 2020,2,2,2,2,2,2
Kolumnen,16. 10. 2020,2,2,2,2,2,2
Gesundheit,21. 12. 2020,2,2,2,2,2,2
Gesundheit,22. 12. 2020,2,2,2,2,2,2
Wissenschaft,11. 12. 2020,2,2,2,2,2,2
Alltag,3. 12. 2020,2,2,2,2,2,2
Europa,4. 12. 2020,2,2,2,2,2,2
Alltag,9. 11. 2020,2,2,2,2,2,2
Gesundheit,26. 12. 2020,2,2,2,2,2,2
Amerika,11. 12. 2020,2,2,2,2,2,2
Europa,30. 11. 2020,2,2,2,2,2,2
Verkehr,2. 11. 2020,2,2,2,2,2,2
Amerika,13. 12. 2020,2,2,2,2,2,2
Verkehr,17. 12. 2020,2,2,2,2,2,2
Wissenschaft,17. 12. 2020,2,2,2,2,2,2
Film,11. 11. 2020,2,2,2,2,2,2
Wissenschaft,19. 11. 2020,2,2,2,2,2,2
Alltag,23. 12. 2020,2,2,2,2,2,2
Ökologie,15. 12. 2020,2,2,2,2,2,2
Fußball,6. 12. 2020,2,2,2,2,2,2
Alltag,12. 11. 2020,2,2,2,2,2,2
Ökologie,11. 12. 2020,2,2,2,2,2,2
Ökologie,1. 12. 2020,2,2,2,2,2,2
Fußball,9. 10. 2020,2,2,2,2,2,2
Europa,9. 12. 2020,2,2,2,2,2,2
Europa,8. 12. 2020,2,2,2,2,2,2
Wissenschaft,6. 11. 2020,2,2,2,2,2,2
Gesundheit,11. 12. 2020,2,2,2,2,2,2
Gesundheit,13. 12. 2020,2,2,2,2,2,2
Europa,7. 12. 2020,2,2,2,2,2,2
Gesundheit,17. 11. 2020,2,2,2,2,2,2
Gesundheit,18. 11. 2020,2,2,2,2,2,2
Alltag,23. 11. 2020,2,2,2,2,2,2
Wissenschaft,22. 11. 2020,2,2,2,2,2,2
Kolumnen,16. 12. 2020,2,2,2,2,2,2
Arbeit,25. 9. 2020,2,2,2,2,2,2
Netzpolitik,22. 7. 2020,2,2,2,2,2,2
Medien,28. 12. 2020,2,2,2,2,2,2
Konsum,23. 9. 2020,2,2,2,2,2,2
Medien,3. 12. 2020,2,2,2,2,2,2
Buch,24. 11. 2020,2,2,2,2,2,2
Medien,4. 12. 2020,2,2,2,2,2,2
Medien,5. 12. 2020,2,2,2,2,2,2
Medien,7. 12. 2020,2,2,2,2,2,2
Medien,9. 12. 2020,2,2,2,2,2,2
Konsum,20. 10. 2020,2,2,2,2,2,2
Musik,12. 11. 2020,2,2,2,2,2,2
Konsum,17. 9. 2020,2,2,2,2,2,2
Musik,15. 12. 2020,2,2,2,2,2,2
Buch,18. 12. 2020,2,2,2,2,2,2
Buch,17. 11. 2020,2,2,2,2,2,2
Deutschland,25. 11. 2020,2,2,2,2,2,2
Buch,15. 11. 2020,2,2,2,2,2,2
Musik,20. 11. 2020,2,2,2,2,2,2
Musik,27. 11. 2020,2,2,2,2,2,2
Musik,3. 12. 2020,2,2,2,2,2,2
Buch,1. 12. 2020,2,2,2,2,2,2
Kolumnen,8. 12. 2020,2,2,2,2,2,2
Kolumnen,4. 12. 2020,2,2,2,2,2,2
Musik,8. 12. 2020,2,2,2,2,2,2
Deutschland,3. 11. 2020,2,2,2,2,2,2
Bremen,20. 11. 2020,2,2,2,2,2,2
Bremen,18. 11. 2020,2,2,2,2,2,2
Nahost,10. 12. 2020,2,2,2,2,2,2
Kolumnen,29. 11. 2020,2,2,2,2,2,2
Nahost,19. 12. 2020,2,2,2,2,2,2
Medien,28. 11. 2020,2,2,2,2,2,2
Nahost,2. 12. 2020,2,2,2,2,2,2
Medien,27. 12. 2020,2,2,2,2,2,2
Medien,26. 11. 2020,2,2,2,2,2,2
Künste,20. 12. 2020,2,2,2,2,2,2
Künste,21. 12. 2020,2,2,2,2,2,2
Künste,22. 11. 2020,2,2,2,2,2,2
Künste,22. 12. 2020,2,2,2,2,2,2
Künste,16. 11. 2020,2,2,2,2,2,2
Künste,13. 12. 2020,2,2,2,2,2,2
Künste,29. 11. 2020,2,2,2,2,2,2
Debatte,22. 11. 2020,2,2,2,2,2,2
Künste,30. 12. 2020,2,2,2,2,2,2
Debatte,20. 12. 2020,2,2,2,2,2,2
Kultur,28. 11. 2020,2,2,2,2,2,2
Künste,8. 12. 2020,2,2,2,2,2,2
Debatte,15. 11. 2020,2,2,2,2,2,2
Medien,10. 12. 2020,2,2,2,2,2,2
Debatte,1. 12. 2020,2,2,2,2,2,2
Medien,13. 12. 2020,2,2,2,2,2,2
Medien,14. 12. 2020,2,2,2,2,2,2
Debatte,1. 11. 2020,2,2,2,2,2,2
Medien,16. 11. 2020,2,2,2,2,2,2
Buch,9. 12. 2020,2,2,2,2,2,2
Medien,18. 11. 2020,2,2,2,2,2,2
Deutschland,18. 11. 2020,2,2,2,2,2,2
Buch,4. 12. 2020,2,2,2,2,2,2
Konsum,31. 8. 2020,2,2,2,2,2,2
Buch,30. 11. 2020,2,2,2,2,2,2
Medien,21. 12. 2020,2,2,2,2,2,2
Medien,23. 11. 2020,2,2,2,2,2,2
Buch,29. 12. 2020,2,2,2,2,2,2
Medien,24. 11. 2020,2,2,2,2,2,2
Medien,27. 11. 2020,2,2,2,2,2,2
Nahost,20. 11. 2020,2,2,2,2,2,2
Buch,16. 12. 2020,2,2,2,2,2,2
Deutschland,31. 12. 2020,2,2,2,2,2,2
Asien,29. 12. 2020,2,2,2,2,2,2
Bildung,12. 11. 2020,2,2,2,2,2,2
Kolumnen,27. 11. 2020,2,2,2,2,2,2
Netzpolitik,1. 8. 2020,2,2,2,2,2,2
Kolumnen,22. 11. 2020,2,2,2,2,2,2
Nahost,27. 11. 2020,2,2,2,2,2,2
Nahost,23. 12. 2020,2,2,2,2,2,2
Europa,15. 11. 2020,2,2,2,2,2,2
Nahost,23. 11. 2020,2,2,2,2,2,2
Kolumnen,2. 11. 2020,2,2,2,2,2,2
Kolumnen,22. 12. 2020,2,2,2,2,2,2
Bildung,10. 11. 2020,2,2,2,2,2,2
Bildung,17. 11. 2020,2,2,2,2,2,2
Kolumnen,23. 12. 2020,2,2,2,2,2,2
Bildung,20. 11. 2020,2,2,2,2,2,2
Asien,30. 12. 2020,2,2,2,2,2,2
Bildung,22. 11. 2020,2,2,2,2,2,2
Asien,23. 11. 2020,2,2,2,2,2,2
Asien,21. 12. 2020,2,2,2,2,2,2
Asien,9. 11. 2020,2,2,2,2,2,2
Asien,8. 12. 2020,3,3,3,3,3,3
Medien,22. 11. 2020,3,3,3,3,3,3
Europa,25. 11. 2020,3,3,3,3,3,3
Ökologie,21. 12. 2020,3,3,3,3,3,3
Ökologie,18. 11. 2020,3,3,3,3,3,3
Amerika,22. 11. 2020,3,3,3,3,3,3
Alltag,12. 12. 2020,3,3,3,3,3,3
Ökologie,13. 12. 2020,3,3,3,3,3,3
Medien,20. 12. 2020,3,3,3,3,3,3
Nahost,20. 12. 2020,3,3,3,3,3,3
Alltag,13. 12. 2020,3,3,3,3,3,3
Hamburg,23. 11. 2020,3,3,3,3,3,3
Konsum,21. 12. 2020,3,3,3,3,3,3
Buch,19. 12. 2020,3,3,3,3,3,3
Alltag,24. 11. 2020,3,3,3,3,3,3
Europa,1. 12. 2020,3,3,3,3,3,3
Europa,24. 12. 2020,3,3,3,3,3,3
Fußball,26. 10. 2020,3,3,3,3,3,3
Kolumnen,20. 12. 2020,3,3,3,3,3,3
Ökonomie,4. 12. 2020,3,3,3,3,3,3
Künste,23. 11. 2020,3,3,3,3,3,3
Afrika,16. 12. 2020,3,3,3,3,3,3
Deutschland,12. 12. 2020,3,3,3,3,3,3
Künste,17. 12. 2020,3,3,3,3,3,3
Debatte,29. 11. 2020,3,3,3,3,3,3
Ökonomie,26. 11. 2020,3,3,3,3,3,3
Ökonomie,24. 11. 2020,3,3,3,3,3,3
Kolumnen,18. 11. 2020,3,3,3,3,3,3
Künste,30. 11. 2020,3,3,3,3,3,3
Ökonomie,19. 11. 2020,3,3,3,3,3,3
Europa,13. 12. 2020,3,3,3,3,3,3
Netzökonomie,10. 12. 2020,3,3,3,3,3,3
Afrika,23. 11. 2020,3,3,3,3,3,3
Ökonomie,16. 12. 2020,3,3,3,3,3,3
Arbeit,5. 10. 2020,3,3,3,3,3,3
Ökologie,8. 12. 2020,3,3,3,3,3,3
Medien,16. 12. 2020,3,3,3,3,3,3
Ökologie,7. 12. 2020,3,3,3,3,3,3
Afrika,26. 11. 2020,3,3,3,3,3,3
Alltag,24. 12. 2020,3,3,3,3,3,3
Europa,23. 11. 2020,3,3,3,3,3,3
Fußball,3. 12. 2020,3,3,3,3,3,3
Ökologie,25. 11. 2020,3,3,3,3,3,3
Wissenschaft,20. 11. 2020,3,3,3,3,3,3
Medien,29. 11. 2020,3,3,3,3,3,3
Film,3. 12. 2020,3,3,3,3,3,3
Reise,29. 11. 2020,3,3,3,3,3,3
Nahost,29. 11. 2020,3,3,3,3,3,3
Deutschland,26. 11. 2020,3,3,3,3,3,3
Reise,25. 10. 2020,3,3,3,3,3,3
Gesundheit,30. 12. 2020,3,3,3,3,3,3
Amerika,30. 11. 2020,3,3,3,3,3,3
Verkehr,28. 12. 2020,3,3,3,3,3,3
Buch,14. 12. 2020,3,3,3,3,3,3
Gesundheit,25. 11. 2020,3,3,3,3,3,3
Deutschland,29. 12. 2020,3,3,3,3,3,3
Verkehr,30. 10. 2020,3,3,3,3,3,3
Verkehr,15. 12. 2020,3,3,3,3,3,3
Amerika,15. 12. 2020,3,3,3,3,3,3
Europa,31. 12. 2020,3,3,3,3,3,3
Musik,6. 11. 2020,3,3,3,3,3,3
Nahost,13. 12. 2020,3,3,3,3,3,3
Kolumnen,26. 11. 2020,3,3,3,3,3,3
Verkehr,27. 10. 2020,3,3,3,3,3,3
Reise,8. 11. 2020,3,3,3,3,3,3
Gesundheit,26. 11. 2020,3,3,3,3,3,3
Verkehr,26. 10. 2020,3,3,3,3,3,3
Alltag,26. 12. 2020,3,3,3,3,3,3
Deutschland,30. 12. 2020,3,3,3,3,3,3
Alltag,27. 11. 2020,3,3,3,3,3,3
Kolumnen,30. 11. 2020,3,3,3,3,3,3
Alltag,25. 12. 2020,3,3,3,3,3,3
Musik,17. 12. 2020,3,3,3,3,3,3
Europa,30. 12. 2020,3,3,3,3,3,3
Nahost,18. 11. 2020,3,3,3,3,3,3
Nahost,17. 12. 2020,3,3,3,3,3,3
Europa,6. 12. 2020,3,3,3,3,3,3
Buch,13. 12. 2020,3,3,3,3,3,3
Kolumnen,28. 12. 2020,3,3,3,3,3,3
Alltag,6. 12. 2020,3,3,3,3,3,3
Medien,17. 12. 2020,4,4,4,4,4,4
Deutschland,28. 12. 2020,4,4,4,4,4,4
Europa,27. 11. 2020,4,4,4,4,4,4
Ökonomie,10. 12. 2020,4,4,4,4,4,4
Afrika,25. 11. 2020,4,4,4,4,4,4
Europa,3. 12. 2020,4,4,4,4,4,4
Europa,12. 12. 2020,4,4,4,4,4,4
Asien,26. 11. 2020,4,4,4,4,4,4
Künste,14. 12. 2020,4,4,4,4,4,4
Europa,16. 12. 2020,4,4,4,4,4,4
Ökonomie,30. 11. 2020,4,4,4,4,4,4
Gesundheit,9. 12. 2020,4,4,4,4,4,4
Ökonomie,7. 12. 2020,4,4,4,4,4,4
Asien,18. 11. 2020,4,4,4,4,4,4
Gesundheit,28. 12. 2020,4,4,4,4,4,4
Europa,24. 11. 2020,4,4,4,4,4,4
Afrika,29. 11. 2020,4,4,4,4,4,4
Medien,29. 12. 2020,4,4,4,4,4,4
Deutschland,6. 12. 2020,4,4,4,4,4,4
Gesundheit,23. 12. 2020,4,4,4,4,4,4
Ökologie,24. 11. 2020,4,4,4,4,4,4
Ökologie,23. 12. 2020,4,4,4,4,4,4
Gesundheit,19. 11. 2020,4,4,4,4,4,4
Medien,8. 12. 2020,4,4,4,4,4,4
Alltag,2. 12. 2020,4,4,4,4,4,4
Deutschland,19. 12. 2020,4,4,4,4,4,4
Verkehr,3. 12. 2020,4,4,4,4,4,4
Ökologie,14. 12. 2020,4,4,4,4,4,4
Afrika,30. 11. 2020,4,4,4,4,4,4
Alltag,7. 12. 2020,4,4,4,4,4,4
Gesundheit,3. 12. 2020,5,5,5,5,5,5
Europa,2. 12. 2020,5,5,5,5,5,5
Buch,22. 11. 2020,5,5,5,5,5,5
Europa,26. 11. 2020,5,5,5,5,5,5
Europa,15. 12. 2020,5,5,5,5,5,5
Deutschland,13. 12. 2020,5,5,5,5,5,5
Deutschland,22. 12. 2020,5,5,5,5,5,5
Ökonomie,9. 12. 2020,5,5,5,5,5,5
Amerika,24. 11. 2020,5,5,5,5,5,5
Europa,10. 12. 2020,5,5,5,5,5,5
Ökologie,28. 12. 2020,5,5,5,5,5,5
Alltag,8. 12. 2020,5,5,5,5,5,5
Deutschland,18. 12. 2020,5,5,5,5,5,5
Europa,21. 12. 2020,5,5,5,5,5,5
Europa,11. 12. 2020,5,5,5,5,5,5
Deutschland,4. 12. 2020,5,5,5,5,5,5
Ökologie,3. 12. 2020,5,5,5,5,5,5
Alltag,1. 12. 2020,5,5,5,5,5,5
Ökologie,4. 12. 2020,6,6,6,6,6,6
Deutschland,21. 12. 2020,6,6,6,6,6,6
Deutschland,29. 11. 2020,6,6,6,6,6,6
Deutschland,14. 12. 2020,6,6,6,6,6,6
Deutschland,28. 11. 2020,6,6,6,6,6,6
Europa,27. 12. 2020,6,6,6,6,6,6
Deutschland,17. 12. 2020,6,6,6,6,6,6
Deutschland,15. 12. 2020,6,6,6,6,6,6
Ökologie,19. 11. 2020,6,6,6,6,6,6
Deutschland,5. 12. 2020,6,6,6,6,6,6
Alltag,29. 12. 2020,6,6,6,6,6,6
Deutschland,2. 12. 2020,6,6,6,6,6,6
Deutschland,27. 12. 2020,6,6,6,6,6,6
Künste,29. 12. 2020,6,6,6,6,6,6
Deutschland,8. 12. 2020,7,7,7,7,7,7
Europa,29. 12. 2020,7,7,7,7,7,7
Deutschland,11. 12. 2020,7,7,7,7,7,7
Alltag,25. 11. 2020,7,7,7,7,7,7
Deutschland,3. 12. 2020,7,7,7,7,7,7
Ökonomie,1. 12. 2020,7,7,7,7,7,7
Europa,20. 12. 2020,7,7,7,7,7,7
Deutschland,27. 11. 2020,7,7,7,7,7,7
Deutschland,30. 11. 2020,7,7,7,7,7,7
Deutschland,7. 12. 2020,8,8,8,8,8,8
Europa,22. 12. 2020,8,8,8,8,8,8
Deutschland,9. 12. 2020,8,8,8,8,8,8
Europa,17. 12. 2020,9,9,9,9,9,9
Deutschland,10. 12. 2020,10,10,10,10,10,10
Deutschland,1. 12. 2020,12,12,12,12,12,12
Deutschland,16. 12. 2020,12,12,12,12,12,12
